{
"name":null,
"description":null,
"sessionId":"003b138189aa463898a47786c2949fda",
"apiVersion":15,
"endCriteria":[
{"type":"NormalizedPath","apiVersion":7,"transient":true,"data":{"path":"UI Canvas/Lobby Start Button/Text","apiVersion":1,"removedCount":0,"addedCount":0,"count":1,"countRule":"NonZero"}},
{"type":"NormalizedPath","apiVersion":7,"transient":true,"data":{"path":"UI Canvas/ProfilePopup/ProfilesPanel/Viewport","apiVersion":1,"removedCount":0,"addedCount":1,"count":1,"countRule":"NonZero"}},
{"type":"NormalizedPath","apiVersion":7,"transient":true,"data":{"path":"UI Canvas/UnityLogo/Room8Logo","apiVersion":1,"removedCount":0,"addedCount":0,"count":1,"countRule":"NonZero"}},
{"type":"NormalizedPath","apiVersion":7,"transient":true,"data":{"path":"UI Canvas/ProfilePopup/Create Profile Button","apiVersion":1,"removedCount":0,"addedCount":1,"count":1,"countRule":"NonZero"}},
{"type":"NormalizedPath","apiVersion":7,"transient":true,"data":{"path":"UI Canvas/ProfilePopup/Profile Input Field","apiVersion":1,"removedCount":0,"addedCount":1,"count":1,"countRule":"NonZero"}},
{"type":"NormalizedPath","apiVersion":7,"transient":true,"data":{"path":"UI Canvas/ProfilePopup/Create Profile Button/Create Profile Text","apiVersion":1,"removedCount":0,"addedCount":1,"count":1,"countRule":"NonZero"}},
{"type":"NormalizedPath","apiVersion":7,"transient":true,"data":{"path":"UI Canvas/UnityLogo/JHLogo","apiVersion":1,"removedCount":0,"addedCount":0,"count":1,"countRule":"NonZero"}},
{"type":"NormalizedPath","apiVersion":7,"transient":true,"data":{"path":"UI Canvas/Title","apiVersion":1,"removedCount":0,"addedCount":0,"count":1,"countRule":"NonZero"}},
{"type":"NormalizedPath","apiVersion":7,"transient":true,"data":{"path":"UI Canvas/UnityLogo","apiVersion":1,"removedCount":0,"addedCount":0,"count":1,"countRule":"NonZero"}},
{"type":"NormalizedPath","apiVersion":7,"transient":true,"data":{"path":"UI Canvas/ProfilePopup/ProfilesPanel/Viewport/ProfileList/ProfileListItemUI Prototype/Select Profile Button","apiVersion":1,"removedCount":0,"addedCount":1,"count":1,"countRule":"NonZero"}},
{"type":"NormalizedPath","apiVersion":7,"transient":true,"data":{"path":"UI Canvas/ProfilePopup/Profile Input Field/InputText","apiVersion":1,"removedCount":0,"addedCount":1,"count":1,"countRule":"NonZero"}},
{"type":"NormalizedPath","apiVersion":7,"transient":true,"data":{"path":"SettingsPanelCanvas/Settings Button","apiVersion":1,"removedCount":0,"addedCount":0,"count":1,"countRule":"NonZero"}},
{"type":"NormalizedPath","apiVersion":7,"transient":true,"data":{"path":"UI Canvas/ProfilePopup/Image","apiVersion":1,"removedCount":0,"addedCount":1,"count":1,"countRule":"NonZero"}},
{"type":"NormalizedPath","apiVersion":7,"transient":true,"data":{"path":"SettingsPanelCanvas/Quit Button","apiVersion":1,"removedCount":0,"addedCount":0,"count":1,"countRule":"NonZero"}},
{"type":"NormalizedPath","apiVersion":7,"transient":true,"data":{"path":"UI Canvas/ProfilePopup","apiVersion":1,"removedCount":0,"addedCount":1,"count":1,"countRule":"NonZero"}},
{"type":"NormalizedPath","apiVersion":7,"transient":true,"data":{"path":"UI Canvas/ProfilePopup/ProfilesPanel/Scrollbar","apiVersion":1,"removedCount":0,"addedCount":1,"count":1,"countRule":"NonZero"}},
{"type":"NormalizedPath","apiVersion":7,"transient":true,"data":{"path":"UI Canvas/Profile Button/Text","apiVersion":1,"removedCount":0,"addedCount":0,"count":1,"countRule":"NonZero"}},
{"type":"NormalizedPath","apiVersion":7,"transient":true,"data":{"path":"UI Canvas/ProfilePopup/TitleBackground","apiVersion":1,"removedCount":0,"addedCount":1,"count":1,"countRule":"NonZero"}},
{"type":"NormalizedPath","apiVersion":7,"transient":true,"data":{"path":"UI Canvas/UnityLogo/SFLogo","apiVersion":1,"removedCount":0,"addedCount":0,"count":1,"countRule":"NonZero"}},
{"type":"NormalizedPath","apiVersion":7,"transient":true,"data":{"path":"UI Canvas/ProfilePopup/Title","apiVersion":1,"removedCount":0,"addedCount":1,"count":1,"countRule":"NonZero"}},
{"type":"NormalizedPath","apiVersion":7,"transient":true,"data":{"path":"UI Canvas/ProfilePopup/ProfilesPanel/Viewport/ProfileList/ProfileListItemUI Prototype","apiVersion":1,"removedCount":0,"addedCount":1,"count":1,"countRule":"NonZero"}},
{"type":"NormalizedPath","apiVersion":7,"transient":true,"data":{"path":"UI Canvas/ProfilePopup/ProfilesPanel/Viewport/EmptyProfileList","apiVersion":1,"removedCount":0,"addedCount":1,"count":1,"countRule":"NonZero"}},
{"type":"NormalizedPath","apiVersion":7,"transient":true,"data":{"path":"UI Canvas/UnityLogo/UnityLogo","apiVersion":1,"removedCount":0,"addedCount":0,"count":1,"countRule":"NonZero"}},
{"type":"NormalizedPath","apiVersion":7,"transient":true,"data":{"path":"UI Canvas/Lobby Start Button","apiVersion":1,"removedCount":0,"addedCount":0,"count":1,"countRule":"NonZero"}},
{"type":"NormalizedPath","apiVersion":7,"transient":true,"data":{"path":"UI Canvas/ProfilePopup/ProfilesPanel/Scrollbar/Sliding Area/Handle","apiVersion":1,"removedCount":0,"addedCount":1,"count":1,"countRule":"NonZero"}},
{"type":"NormalizedPath","apiVersion":7,"transient":true,"data":{"path":"UI Canvas/IP Start Button","apiVersion":1,"removedCount":0,"addedCount":0,"count":1,"countRule":"NonZero"}},
{"type":"NormalizedPath","apiVersion":7,"transient":true,"data":{"path":"UI Canvas/ProfilePopup/ProfilesPanel/Viewport/ProfileList/ProfileListItemUI Prototype/Delete Profile Button","apiVersion":1,"removedCount":0,"addedCount":1,"count":1,"countRule":"NonZero"}},
{"type":"NormalizedPath","apiVersion":7,"transient":true,"data":{"path":"UI Canvas/Profile Button","apiVersion":1,"removedCount":0,"addedCount":0,"count":1,"countRule":"NonZero"}},
{"type":"NormalizedPath","apiVersion":7,"transient":true,"data":{"path":"UI Canvas/ProfilePopup/Profile Input Field/InputBox","apiVersion":1,"removedCount":0,"addedCount":1,"count":1,"countRule":"NonZero"}},
{"type":"NormalizedPath","apiVersion":7,"transient":true,"data":{"path":"UI Canvas/ProfilePopup/Cancel Button","apiVersion":1,"removedCount":0,"addedCount":1,"count":1,"countRule":"NonZero"}},
{"type":"NormalizedPath","apiVersion":7,"transient":true,"data":{"path":"UI Canvas/ProfilePopup/ProfilesPanel/Viewport/ProfileList/ProfileListItemUI Prototype/Select Profile Button/ProfileNameLabel","apiVersion":1,"removedCount":0,"addedCount":1,"count":1,"countRule":"NonZero"}},
{"type":"NormalizedPath","apiVersion":7,"transient":true,"data":{"path":"UI Canvas/IP Start Button/Text","apiVersion":1,"removedCount":0,"addedCount":0,"count":1,"countRule":"NonZero"}},
{"type":"NormalizedPath","apiVersion":7,"transient":true,"data":{"path":"CharSel_Background/wall1_top_straight_2","apiVersion":1,"removedCount":0,"addedCount":0,"count":9,"countRule":"NonZero"}},
{"type":"NormalizedPath","apiVersion":7,"transient":true,"data":{"path":"CharSel_Background/wall1_base_straight_1","apiVersion":1,"removedCount":0,"addedCount":0,"count":2,"countRule":"NonZero"}},
{"type":"NormalizedPath","apiVersion":7,"transient":true,"data":{"path":"CharSel_Background/env_floor1","apiVersion":1,"removedCount":0,"addedCount":0,"count":8,"countRule":"NonZero"}},
{"type":"NormalizedPath","apiVersion":7,"transient":true,"data":{"path":"CharSel_Background/wall1_top_straight_1","apiVersion":1,"removedCount":0,"addedCount":0,"count":3,"countRule":"NonZero"}},
{"type":"NormalizedPath","apiVersion":7,"transient":true,"data":{"path":"CharSel_Background/env_pebbles","apiVersion":1,"removedCount":0,"addedCount":0,"count":2,"countRule":"NonZero"}},
{"type":"NormalizedPath","apiVersion":7,"transient":true,"data":{"path":"CharSel_Background/env_roots/env_roots_LOD1","apiVersion":1,"removedCount":0,"addedCount":0,"count":2,"countRule":"NonZero"}},
{"type":"NormalizedPath","apiVersion":7,"transient":true,"data":{"path":"CharSel_Background/env_door_boss_head","apiVersion":1,"removedCount":0,"addedCount":0,"count":2,"countRule":"NonZero"}},
{"type":"NormalizedPath","apiVersion":7,"transient":true,"data":{"path":"CharSel_Background/wall1_base_straight_2","apiVersion":1,"removedCount":0,"addedCount":0,"count":2,"countRule":"NonZero"}},
{"type":"NormalizedPath","apiVersion":7,"transient":true,"data":{"path":"CharSel_Background/env_roots","apiVersion":1,"removedCount":0,"addedCount":0,"count":2,"countRule":"NonZero"}},
{"type":"NormalizedPath","apiVersion":7,"transient":true,"data":{"path":"CharSel_Background/env_floor2","apiVersion":1,"removedCount":0,"addedCount":0,"count":4,"countRule":"NonZero"}},
{"type":"NormalizedPath","apiVersion":7,"transient":true,"data":{"path":"CharSel_Background/env_barrier/env_barrier_LOD1","apiVersion":1,"removedCount":0,"addedCount":0,"count":1,"countRule":"NonZero"}},
{"type":"NormalizedPath","apiVersion":7,"transient":true,"data":{"path":"CharSel_Background/env_torch","apiVersion":1,"removedCount":0,"addedCount":0,"count":2,"countRule":"NonZero"}},
{"type":"NormalizedPath","apiVersion":7,"transient":true,"data":{"path":"CharSel_Background/env_Door/env_DoorLOD","apiVersion":1,"removedCount":0,"addedCount":0,"count":1,"countRule":"NonZero"}},
{"type":"NormalizedPath","apiVersion":7,"transient":true,"data":{"path":"CharSel_Background/env_Door","apiVersion":1,"removedCount":0,"addedCount":0,"count":1,"countRule":"NonZero"}},
{"type":"NormalizedPath","apiVersion":7,"transient":true,"data":{"path":"CharSel_Background/env_barrier","apiVersion":1,"removedCount":0,"addedCount":0,"count":1,"countRule":"NonZero"}},
{"type":"NormalizedPath","apiVersion":7,"transient":true,"data":{"path":"CharSel_Background/env_spiderweb_1","apiVersion":1,"removedCount":0,"addedCount":0,"count":1,"countRule":"NonZero"}},
{"type":"NormalizedPath","apiVersion":7,"transient":true,"data":{"path":"CharSel_Background/env_rock","apiVersion":1,"removedCount":0,"addedCount":0,"count":2,"countRule":"NonZero"}},
{"type":"NormalizedPath","apiVersion":7,"transient":true,"data":{"path":"CharSel_Background/FX_Torch_Fire/Fire","apiVersion":1,"removedCount":0,"addedCount":0,"count":2,"countRule":"NonZero"}},
{"type":"NormalizedPath","apiVersion":7,"transient":true,"data":{"path":"CharSel_Background/FX_Torch_Fire/Points","apiVersion":1,"removedCount":0,"addedCount":0,"count":2,"countRule":"NonZero"}},
{"type":"NormalizedPath","apiVersion":7,"transient":true,"data":{"path":"CharSel_Background/FX_Torch_Fire/Smoke","apiVersion":1,"removedCount":0,"addedCount":0,"count":2,"countRule":"NonZero"}}
],
"botAction":{"type":"InputPlayback","apiVersion":1,"data":{
"apiVersion":1,
"startTime":14.9410445,
"inputData":{
"apiVersion":1,
"keyboard":[

],
"mouse":[
{"apiVersion":1,"startTime":15.6455177,"screenSize":{"x":2132,"y":1199},"position":{"x":2104,"y":28},"worldPosition":null,"leftButton":false,"middleButton":false,"rightButton":false,"forwardButton":false,"backButton":false,"scroll":{"x":0,"y":0},"clickedObjectNormalizedPaths":[]},
{"apiVersion":1,"startTime":15.6544845,"screenSize":{"x":2132,"y":1199},"position":{"x":2100,"y":29},"worldPosition":null,"leftButton":false,"middleButton":false,"rightButton":false,"forwardButton":false,"backButton":false,"scroll":{"x":0,"y":0},"clickedObjectNormalizedPaths":[]},
{"apiVersion":1,"startTime":15.6624902,"screenSize":{"x":2132,"y":1199},"position":{"x":2096,"y":31},"worldPosition":null,"leftButton":false,"middleButton":false,"rightButton":false,"forwardButton":false,"backButton":false,"scroll":{"x":0,"y":0},"clickedObjectNormalizedPaths":[]},
{"apiVersion":1,"startTime":15.6713515,"screenSize":{"x":2132,"y":1199},"position":{"x":2090,"y":34},"worldPosition":null,"leftButton":false,"middleButton":false,"rightButton":false,"forwardButton":false,"backButton":false,"scroll":{"x":0,"y":0},"clickedObjectNormalizedPaths":[]},
{"apiVersion":1,"startTime":15.6794686,"screenSize":{"x":2132,"y":1199},"position":{"x":2083,"y":37},"worldPosition":null,"leftButton":false,"middleButton":false,"rightButton":false,"forwardButton":false,"backButton":false,"scroll":{"x":0,"y":0},"clickedObjectNormalizedPaths":[]},
{"apiVersion":1,"startTime":15.6879555,"screenSize":{"x":2132,"y":1199},"position":{"x":2074,"y":40},"worldPosition":null,"leftButton":false,"middleButton":false,"rightButton":false,"forwardButton":false,"backButton":false,"scroll":{"x":0,"y":0},"clickedObjectNormalizedPaths":[]},
{"apiVersion":1,"startTime":15.6958792,"screenSize":{"x":2132,"y":1199},"position":{"x":2067,"y":43},"worldPosition":null,"leftButton":false,"middleButton":false,"rightButton":false,"forwardButton":false,"backButton":false,"scroll":{"x":0,"y":0},"clickedObjectNormalizedPaths":[]},
{"apiVersion":1,"startTime":15.7043508,"screenSize":{"x":2132,"y":1199},"position":{"x":2058,"y":46},"worldPosition":null,"leftButton":false,"middleButton":false,"rightButton":false,"forwardButton":false,"backButton":false,"scroll":{"x":0,"y":0},"clickedObjectNormalizedPaths":[]},
{"apiVersion":1,"startTime":15.7125807,"screenSize":{"x":2132,"y":1199},"position":{"x":2048,"y":50},"worldPosition":null,"leftButton":false,"middleButton":false,"rightButton":false,"forwardButton":false,"backButton":false,"scroll":{"x":0,"y":0},"clickedObjectNormalizedPaths":[]},
{"apiVersion":1,"startTime":15.7209586,"screenSize":{"x":2132,"y":1199},"position":{"x":2039,"y":54},"worldPosition":null,"leftButton":false,"middleButton":false,"rightButton":false,"forwardButton":false,"backButton":false,"scroll":{"x":0,"y":0},"clickedObjectNormalizedPaths":[]},
{"apiVersion":1,"startTime":15.7292881,"screenSize":{"x":2132,"y":1199},"position":{"x":2030,"y":59},"worldPosition":null,"leftButton":false,"middleButton":false,"rightButton":false,"forwardButton":false,"backButton":false,"scroll":{"x":0,"y":0},"clickedObjectNormalizedPaths":[]},
{"apiVersion":1,"startTime":15.7379806,"screenSize":{"x":2132,"y":1199},"position":{"x":2019,"y":62},"worldPosition":null,"leftButton":false,"middleButton":false,"rightButton":false,"forwardButton":false,"backButton":false,"scroll":{"x":0,"y":0},"clickedObjectNormalizedPaths":[]},
{"apiVersion":1,"startTime":15.7453240,"screenSize":{"x":2132,"y":1199},"position":{"x":2011,"y":67},"worldPosition":null,"leftButton":false,"middleButton":false,"rightButton":false,"forwardButton":false,"backButton":false,"scroll":{"x":0,"y":0},"clickedObjectNormalizedPaths":[]},
{"apiVersion":1,"startTime":15.7539175,"screenSize":{"x":2132,"y":1199},"position":{"x":2003,"y":71},"worldPosition":null,"leftButton":false,"middleButton":false,"rightButton":false,"forwardButton":false,"backButton":false,"scroll":{"x":0,"y":0},"clickedObjectNormalizedPaths":[]},
{"apiVersion":1,"startTime":15.7630507,"screenSize":{"x":2132,"y":1199},"position":{"x":1994,"y":75},"worldPosition":null,"leftButton":false,"middleButton":false,"rightButton":false,"forwardButton":false,"backButton":false,"scroll":{"x":0,"y":0},"clickedObjectNormalizedPaths":[]},
{"apiVersion":1,"startTime":15.7707857,"screenSize":{"x":2132,"y":1199},"position":{"x":1985,"y":79},"worldPosition":null,"leftButton":false,"middleButton":false,"rightButton":false,"forwardButton":false,"backButton":false,"scroll":{"x":0,"y":0},"clickedObjectNormalizedPaths":[]},
{"apiVersion":1,"startTime":15.7793937,"screenSize":{"x":2132,"y":1199},"position":{"x":1978,"y":83},"worldPosition":null,"leftButton":false,"middleButton":false,"rightButton":false,"forwardButton":false,"backButton":false,"scroll":{"x":0,"y":0},"clickedObjectNormalizedPaths":[]},
{"apiVersion":1,"startTime":15.7870696,"screenSize":{"x":2132,"y":1199},"position":{"x":1969,"y":86},"worldPosition":null,"leftButton":false,"middleButton":false,"rightButton":false,"forwardButton":false,"backButton":false,"scroll":{"x":0,"y":0},"clickedObjectNormalizedPaths":[]},
{"apiVersion":1,"startTime":15.7960408,"screenSize":{"x":2132,"y":1199},"position":{"x":1962,"y":89},"worldPosition":null,"leftButton":false,"middleButton":false,"rightButton":false,"forwardButton":false,"backButton":false,"scroll":{"x":0,"y":0},"clickedObjectNormalizedPaths":[]},
{"apiVersion":1,"startTime":15.8044803,"screenSize":{"x":2132,"y":1199},"position":{"x":1951,"y":94},"worldPosition":null,"leftButton":false,"middleButton":false,"rightButton":false,"forwardButton":false,"backButton":false,"scroll":{"x":0,"y":0},"clickedObjectNormalizedPaths":[]},
{"apiVersion":1,"startTime":15.8129901,"screenSize":{"x":2132,"y":1199},"position":{"x":1943,"y":97},"worldPosition":null,"leftButton":false,"middleButton":false,"rightButton":false,"forwardButton":false,"backButton":false,"scroll":{"x":0,"y":0},"clickedObjectNormalizedPaths":[]},
{"apiVersion":1,"startTime":15.8211780,"screenSize":{"x":2132,"y":1199},"position":{"x":1932,"y":102},"worldPosition":null,"leftButton":false,"middleButton":false,"rightButton":false,"forwardButton":false,"backButton":false,"scroll":{"x":0,"y":0},"clickedObjectNormalizedPaths":[]},
{"apiVersion":1,"startTime":15.8295585,"screenSize":{"x":2132,"y":1199},"position":{"x":1921,"y":106},"worldPosition":null,"leftButton":false,"middleButton":false,"rightButton":false,"forwardButton":false,"backButton":false,"scroll":{"x":0,"y":0},"clickedObjectNormalizedPaths":[]},
{"apiVersion":1,"startTime":15.8379813,"screenSize":{"x":2132,"y":1199},"position":{"x":1911,"y":109},"worldPosition":null,"leftButton":false,"middleButton":false,"rightButton":false,"forwardButton":false,"backButton":false,"scroll":{"x":0,"y":0},"clickedObjectNormalizedPaths":[]},
{"apiVersion":1,"startTime":15.8458452,"screenSize":{"x":2132,"y":1199},"position":{"x":1900,"y":114},"worldPosition":null,"leftButton":false,"middleButton":false,"rightButton":false,"forwardButton":false,"backButton":false,"scroll":{"x":0,"y":0},"clickedObjectNormalizedPaths":[]},
{"apiVersion":1,"startTime":15.8542543,"screenSize":{"x":2132,"y":1199},"position":{"x":1890,"y":117},"worldPosition":null,"leftButton":false,"middleButton":false,"rightButton":false,"forwardButton":false,"backButton":false,"scroll":{"x":0,"y":0},"clickedObjectNormalizedPaths":[]},
{"apiVersion":1,"startTime":15.8624577,"screenSize":{"x":2132,"y":1199},"position":{"x":1879,"y":121},"worldPosition":null,"leftButton":false,"middleButton":false,"rightButton":false,"forwardButton":false,"backButton":false,"scroll":{"x":0,"y":0},"clickedObjectNormalizedPaths":[]},
{"apiVersion":1,"startTime":15.8708643,"screenSize":{"x":2132,"y":1199},"position":{"x":1870,"y":123},"worldPosition":null,"leftButton":false,"middleButton":false,"rightButton":false,"forwardButton":false,"backButton":false,"scroll":{"x":0,"y":0},"clickedObjectNormalizedPaths":[]},
{"apiVersion":1,"startTime":15.8791685,"screenSize":{"x":2132,"y":1199},"position":{"x":1860,"y":127},"worldPosition":null,"leftButton":false,"middleButton":false,"rightButton":false,"forwardButton":false,"backButton":false,"scroll":{"x":0,"y":0},"clickedObjectNormalizedPaths":[]},
{"apiVersion":1,"startTime":15.8880005,"screenSize":{"x":2132,"y":1199},"position":{"x":1842,"y":132},"worldPosition":null,"leftButton":false,"middleButton":false,"rightButton":false,"forwardButton":false,"backButton":false,"scroll":{"x":0,"y":0},"clickedObjectNormalizedPaths":[]},
{"apiVersion":1,"startTime":15.9041247,"screenSize":{"x":2132,"y":1199},"position":{"x":1825,"y":137},"worldPosition":null,"leftButton":false,"middleButton":false,"rightButton":false,"forwardButton":false,"backButton":false,"scroll":{"x":0,"y":0},"clickedObjectNormalizedPaths":[]},
{"apiVersion":1,"startTime":15.9130936,"screenSize":{"x":2132,"y":1199},"position":{"x":1814,"y":139},"worldPosition":null,"leftButton":false,"middleButton":false,"rightButton":false,"forwardButton":false,"backButton":false,"scroll":{"x":0,"y":0},"clickedObjectNormalizedPaths":[]},
{"apiVersion":1,"startTime":15.9211279,"screenSize":{"x":2132,"y":1199},"position":{"x":1805,"y":141},"worldPosition":null,"leftButton":false,"middleButton":false,"rightButton":false,"forwardButton":false,"backButton":false,"scroll":{"x":0,"y":0},"clickedObjectNormalizedPaths":[]},
{"apiVersion":1,"startTime":15.9379483,"screenSize":{"x":2132,"y":1199},"position":{"x":1782,"y":146},"worldPosition":null,"leftButton":false,"middleButton":false,"rightButton":false,"forwardButton":false,"backButton":false,"scroll":{"x":0,"y":0},"clickedObjectNormalizedPaths":[]},
{"apiVersion":1,"startTime":15.9451963,"screenSize":{"x":2132,"y":1199},"position":{"x":1769,"y":148},"worldPosition":null,"leftButton":false,"middleButton":false,"rightButton":false,"forwardButton":false,"backButton":false,"scroll":{"x":0,"y":0},"clickedObjectNormalizedPaths":[]},
{"apiVersion":1,"startTime":15.9542242,"screenSize":{"x":2132,"y":1199},"position":{"x":1757,"y":151},"worldPosition":null,"leftButton":false,"middleButton":false,"rightButton":false,"forwardButton":false,"backButton":false,"scroll":{"x":0,"y":0},"clickedObjectNormalizedPaths":[]},
{"apiVersion":1,"startTime":15.9627963,"screenSize":{"x":2132,"y":1199},"position":{"x":1742,"y":155},"worldPosition":null,"leftButton":false,"middleButton":false,"rightButton":false,"forwardButton":false,"backButton":false,"scroll":{"x":0,"y":0},"clickedObjectNormalizedPaths":[]},
{"apiVersion":1,"startTime":15.9707572,"screenSize":{"x":2132,"y":1199},"position":{"x":1729,"y":158},"worldPosition":null,"leftButton":false,"middleButton":false,"rightButton":false,"forwardButton":false,"backButton":false,"scroll":{"x":0,"y":0},"clickedObjectNormalizedPaths":[]},
{"apiVersion":1,"startTime":15.9791532,"screenSize":{"x":2132,"y":1199},"position":{"x":1715,"y":160},"worldPosition":null,"leftButton":false,"middleButton":false,"rightButton":false,"forwardButton":false,"backButton":false,"scroll":{"x":0,"y":0},"clickedObjectNormalizedPaths":[]},
{"apiVersion":1,"startTime":15.9875532,"screenSize":{"x":2132,"y":1199},"position":{"x":1702,"y":163},"worldPosition":null,"leftButton":false,"middleButton":false,"rightButton":false,"forwardButton":false,"backButton":false,"scroll":{"x":0,"y":0},"clickedObjectNormalizedPaths":[]},
{"apiVersion":1,"startTime":15.9958814,"screenSize":{"x":2132,"y":1199},"position":{"x":1690,"y":165},"worldPosition":null,"leftButton":false,"middleButton":false,"rightButton":false,"forwardButton":false,"backButton":false,"scroll":{"x":0,"y":0},"clickedObjectNormalizedPaths":[]},
{"apiVersion":1,"startTime":16.0045772,"screenSize":{"x":2132,"y":1199},"position":{"x":1677,"y":168},"worldPosition":null,"leftButton":false,"middleButton":false,"rightButton":false,"forwardButton":false,"backButton":false,"scroll":{"x":0,"y":0},"clickedObjectNormalizedPaths":[]},
{"apiVersion":1,"startTime":16.0128715,"screenSize":{"x":2132,"y":1199},"position":{"x":1666,"y":170},"worldPosition":null,"leftButton":false,"middleButton":false,"rightButton":false,"forwardButton":false,"backButton":false,"scroll":{"x":0,"y":0},"clickedObjectNormalizedPaths":[]},
{"apiVersion":1,"startTime":16.0212770,"screenSize":{"x":2132,"y":1199},"position":{"x":1654,"y":171},"worldPosition":null,"leftButton":false,"middleButton":false,"rightButton":false,"forwardButton":false,"backButton":false,"scroll":{"x":0,"y":0},"clickedObjectNormalizedPaths":[]},
{"apiVersion":1,"startTime":16.0293530,"screenSize":{"x":2132,"y":1199},"position":{"x":1641,"y":173},"worldPosition":null,"leftButton":false,"middleButton":false,"rightButton":false,"forwardButton":false,"backButton":false,"scroll":{"x":0,"y":0},"clickedObjectNormalizedPaths":[]},
{"apiVersion":1,"startTime":16.0377445,"screenSize":{"x":2132,"y":1199},"position":{"x":1629,"y":174},"worldPosition":null,"leftButton":false,"middleButton":false,"rightButton":false,"forwardButton":false,"backButton":false,"scroll":{"x":0,"y":0},"clickedObjectNormalizedPaths":[]},
{"apiVersion":1,"startTime":16.0458586,"screenSize":{"x":2132,"y":1199},"position":{"x":1616,"y":175},"worldPosition":null,"leftButton":false,"middleButton":false,"rightButton":false,"forwardButton":false,"backButton":false,"scroll":{"x":0,"y":0},"clickedObjectNormalizedPaths":[]},
{"apiVersion":1,"startTime":16.0540339,"screenSize":{"x":2132,"y":1199},"position":{"x":1603,"y":176},"worldPosition":null,"leftButton":false,"middleButton":false,"rightButton":false,"forwardButton":false,"backButton":false,"scroll":{"x":0,"y":0},"clickedObjectNormalizedPaths":[]},
{"apiVersion":1,"startTime":16.0626584,"screenSize":{"x":2132,"y":1199},"position":{"x":1591,"y":178},"worldPosition":null,"leftButton":false,"middleButton":false,"rightButton":false,"forwardButton":false,"backButton":false,"scroll":{"x":0,"y":0},"clickedObjectNormalizedPaths":[]},
{"apiVersion":1,"startTime":16.0712653,"screenSize":{"x":2132,"y":1199},"position":{"x":1580,"y":179},"worldPosition":null,"leftButton":false,"middleButton":false,"rightButton":false,"forwardButton":false,"backButton":false,"scroll":{"x":0,"y":0},"clickedObjectNormalizedPaths":[]},
{"apiVersion":1,"startTime":16.0792695,"screenSize":{"x":2132,"y":1199},"position":{"x":1570,"y":181},"worldPosition":null,"leftButton":false,"middleButton":false,"rightButton":false,"forwardButton":false,"backButton":false,"scroll":{"x":0,"y":0},"clickedObjectNormalizedPaths":[]},
{"apiVersion":1,"startTime":16.0873413,"screenSize":{"x":2132,"y":1199},"position":{"x":1565,"y":181},"worldPosition":null,"leftButton":false,"middleButton":false,"rightButton":false,"forwardButton":false,"backButton":false,"scroll":{"x":0,"y":0},"clickedObjectNormalizedPaths":[]},
{"apiVersion":1,"startTime":16.0963647,"screenSize":{"x":2132,"y":1199},"position":{"x":1556,"y":182},"worldPosition":null,"leftButton":false,"middleButton":false,"rightButton":false,"forwardButton":false,"backButton":false,"scroll":{"x":0,"y":0},"clickedObjectNormalizedPaths":[]},
{"apiVersion":1,"startTime":16.1041582,"screenSize":{"x":2132,"y":1199},"position":{"x":1549,"y":183},"worldPosition":null,"leftButton":false,"middleButton":false,"rightButton":false,"forwardButton":false,"backButton":false,"scroll":{"x":0,"y":0},"clickedObjectNormalizedPaths":[]},
{"apiVersion":1,"startTime":16.1126752,"screenSize":{"x":2132,"y":1199},"position":{"x":1543,"y":184},"worldPosition":null,"leftButton":false,"middleButton":false,"rightButton":false,"forwardButton":false,"backButton":false,"scroll":{"x":0,"y":0},"clickedObjectNormalizedPaths":[]},
{"apiVersion":1,"startTime":16.1220616,"screenSize":{"x":2132,"y":1199},"position":{"x":1537,"y":185},"worldPosition":null,"leftButton":false,"middleButton":false,"rightButton":false,"forwardButton":false,"backButton":false,"scroll":{"x":0,"y":0},"clickedObjectNormalizedPaths":[]},
{"apiVersion":1,"startTime":16.1290688,"screenSize":{"x":2132,"y":1199},"position":{"x":1531,"y":186},"worldPosition":null,"leftButton":false,"middleButton":false,"rightButton":false,"forwardButton":false,"backButton":false,"scroll":{"x":0,"y":0},"clickedObjectNormalizedPaths":[]},
{"apiVersion":1,"startTime":16.1374510,"screenSize":{"x":2132,"y":1199},"position":{"x":1527,"y":187},"worldPosition":null,"leftButton":false,"middleButton":false,"rightButton":false,"forwardButton":false,"backButton":false,"scroll":{"x":0,"y":0},"clickedObjectNormalizedPaths":[]},
{"apiVersion":1,"startTime":16.1459475,"screenSize":{"x":2132,"y":1199},"position":{"x":1523,"y":187},"worldPosition":null,"leftButton":false,"middleButton":false,"rightButton":false,"forwardButton":false,"backButton":false,"scroll":{"x":0,"y":0},"clickedObjectNormalizedPaths":[]},
{"apiVersion":1,"startTime":16.1551952,"screenSize":{"x":2132,"y":1199},"position":{"x":1520,"y":188},"worldPosition":null,"leftButton":false,"middleButton":false,"rightButton":false,"forwardButton":false,"backButton":false,"scroll":{"x":0,"y":0},"clickedObjectNormalizedPaths":[]},
{"apiVersion":1,"startTime":16.1624567,"screenSize":{"x":2132,"y":1199},"position":{"x":1517,"y":188},"worldPosition":null,"leftButton":false,"middleButton":false,"rightButton":false,"forwardButton":false,"backButton":false,"scroll":{"x":0,"y":0},"clickedObjectNormalizedPaths":[]},
{"apiVersion":1,"startTime":16.1710495,"screenSize":{"x":2132,"y":1199},"position":{"x":1515,"y":188},"worldPosition":null,"leftButton":false,"middleButton":false,"rightButton":false,"forwardButton":false,"backButton":false,"scroll":{"x":0,"y":0},"clickedObjectNormalizedPaths":[]},
{"apiVersion":1,"startTime":16.1878767,"screenSize":{"x":2132,"y":1199},"position":{"x":1514,"y":188},"worldPosition":null,"leftButton":false,"middleButton":false,"rightButton":false,"forwardButton":false,"backButton":false,"scroll":{"x":0,"y":0},"clickedObjectNormalizedPaths":[]},
{"apiVersion":1,"startTime":16.5377748,"screenSize":{"x":2132,"y":1199},"position":{"x":1513,"y":188},"worldPosition":null,"leftButton":false,"middleButton":false,"rightButton":false,"forwardButton":false,"backButton":false,"scroll":{"x":0,"y":0},"clickedObjectNormalizedPaths":[]},
{"apiVersion":1,"startTime":16.5461735,"screenSize":{"x":2132,"y":1199},"position":{"x":1509,"y":188},"worldPosition":null,"leftButton":false,"middleButton":false,"rightButton":false,"forwardButton":false,"backButton":false,"scroll":{"x":0,"y":0},"clickedObjectNormalizedPaths":[]},
{"apiVersion":1,"startTime":16.5546947,"screenSize":{"x":2132,"y":1199},"position":{"x":1503,"y":188},"worldPosition":null,"leftButton":false,"middleButton":false,"rightButton":false,"forwardButton":false,"backButton":false,"scroll":{"x":0,"y":0},"clickedObjectNormalizedPaths":[]},
{"apiVersion":1,"startTime":16.5628726,"screenSize":{"x":2132,"y":1199},"position":{"x":1496,"y":188},"worldPosition":null,"leftButton":false,"middleButton":false,"rightButton":false,"forwardButton":false,"backButton":false,"scroll":{"x":0,"y":0},"clickedObjectNormalizedPaths":[]},
{"apiVersion":1,"startTime":16.5709847,"screenSize":{"x":2132,"y":1199},"position":{"x":1488,"y":189},"worldPosition":null,"leftButton":false,"middleButton":false,"rightButton":false,"forwardButton":false,"backButton":false,"scroll":{"x":0,"y":0},"clickedObjectNormalizedPaths":[]},
{"apiVersion":1,"startTime":16.5792520,"screenSize":{"x":2132,"y":1199},"position":{"x":1477,"y":190},"worldPosition":null,"leftButton":false,"middleButton":false,"rightButton":false,"forwardButton":false,"backButton":false,"scroll":{"x":0,"y":0},"clickedObjectNormalizedPaths":[]},
{"apiVersion":1,"startTime":16.5876893,"screenSize":{"x":2132,"y":1199},"position":{"x":1466,"y":193},"worldPosition":null,"leftButton":false,"middleButton":false,"rightButton":false,"forwardButton":false,"backButton":false,"scroll":{"x":0,"y":0},"clickedObjectNormalizedPaths":[]},
{"apiVersion":1,"startTime":16.5957130,"screenSize":{"x":2132,"y":1199},"position":{"x":1458,"y":195},"worldPosition":null,"leftButton":false,"middleButton":false,"rightButton":false,"forwardButton":false,"backButton":false,"scroll":{"x":0,"y":0},"clickedObjectNormalizedPaths":[]},
{"apiVersion":1,"startTime":16.6041571,"screenSize":{"x":2132,"y":1199},"position":{"x":1447,"y":197},"worldPosition":null,"leftButton":false,"middleButton":false,"rightButton":false,"forwardButton":false,"backButton":false,"scroll":{"x":0,"y":0},"clickedObjectNormalizedPaths":[]},
{"apiVersion":1,"startTime":16.6128567,"screenSize":{"x":2132,"y":1199},"position":{"x":1436,"y":199},"worldPosition":null,"leftButton":false,"middleButton":false,"rightButton":false,"forwardButton":false,"backButton":false,"scroll":{"x":0,"y":0},"clickedObjectNormalizedPaths":[]},
{"apiVersion":1,"startTime":16.6209482,"screenSize":{"x":2132,"y":1199},"position":{"x":1428,"y":202},"worldPosition":null,"leftButton":false,"middleButton":false,"rightButton":false,"forwardButton":false,"backButton":false,"scroll":{"x":0,"y":0},"clickedObjectNormalizedPaths":[]},
{"apiVersion":1,"startTime":16.6292583,"screenSize":{"x":2132,"y":1199},"position":{"x":1419,"y":204},"worldPosition":null,"leftButton":false,"middleButton":false,"rightButton":false,"forwardButton":false,"backButton":false,"scroll":{"x":0,"y":0},"clickedObjectNormalizedPaths":[]},
{"apiVersion":1,"startTime":16.6380902,"screenSize":{"x":2132,"y":1199},"position":{"x":1401,"y":207},"worldPosition":null,"leftButton":false,"middleButton":false,"rightButton":false,"forwardButton":false,"backButton":false,"scroll":{"x":0,"y":0},"clickedObjectNormalizedPaths":[]},
{"apiVersion":1,"startTime":16.6464166,"screenSize":{"x":2132,"y":1199},"position":{"x":1392,"y":209},"worldPosition":null,"leftButton":false,"middleButton":false,"rightButton":false,"forwardButton":false,"backButton":false,"scroll":{"x":0,"y":0},"clickedObjectNormalizedPaths":[]},
{"apiVersion":1,"startTime":16.6545603,"screenSize":{"x":2132,"y":1199},"position":{"x":1384,"y":212},"worldPosition":null,"leftButton":false,"middleButton":false,"rightButton":false,"forwardButton":false,"backButton":false,"scroll":{"x":0,"y":0},"clickedObjectNormalizedPaths":[]},
{"apiVersion":1,"startTime":16.6713824,"screenSize":{"x":2132,"y":1199},"position":{"x":1362,"y":216},"worldPosition":null,"leftButton":false,"middleButton":false,"rightButton":false,"forwardButton":false,"backButton":false,"scroll":{"x":0,"y":0},"clickedObjectNormalizedPaths":[]},
{"apiVersion":1,"startTime":16.6796122,"screenSize":{"x":2132,"y":1199},"position":{"x":1352,"y":217},"worldPosition":null,"leftButton":false,"middleButton":false,"rightButton":false,"forwardButton":false,"backButton":false,"scroll":{"x":0,"y":0},"clickedObjectNormalizedPaths":[]},
{"apiVersion":1,"startTime":16.6875491,"screenSize":{"x":2132,"y":1199},"position":{"x":1341,"y":220},"worldPosition":null,"leftButton":false,"middleButton":false,"rightButton":false,"forwardButton":false,"backButton":false,"scroll":{"x":0,"y":0},"clickedObjectNormalizedPaths":[]},
{"apiVersion":1,"startTime":16.6961792,"screenSize":{"x":2132,"y":1199},"position":{"x":1331,"y":222},"worldPosition":null,"leftButton":false,"middleButton":false,"rightButton":false,"forwardButton":false,"backButton":false,"scroll":{"x":0,"y":0},"clickedObjectNormalizedPaths":[]},
{"apiVersion":1,"startTime":16.7041200,"screenSize":{"x":2132,"y":1199},"position":{"x":1320,"y":224},"worldPosition":null,"leftButton":false,"middleButton":false,"rightButton":false,"forwardButton":false,"backButton":false,"scroll":{"x":0,"y":0},"clickedObjectNormalizedPaths":[]},
{"apiVersion":1,"startTime":16.7120615,"screenSize":{"x":2132,"y":1199},"position":{"x":1309,"y":227},"worldPosition":null,"leftButton":false,"middleButton":false,"rightButton":false,"forwardButton":false,"backButton":false,"scroll":{"x":0,"y":0},"clickedObjectNormalizedPaths":[]},
{"apiVersion":1,"startTime":16.7212530,"screenSize":{"x":2132,"y":1199},"position":{"x":1301,"y":228},"worldPosition":null,"leftButton":false,"middleButton":false,"rightButton":false,"forwardButton":false,"backButton":false,"scroll":{"x":0,"y":0},"clickedObjectNormalizedPaths":[]},
{"apiVersion":1,"startTime":16.7292760,"screenSize":{"x":2132,"y":1199},"position":{"x":1290,"y":230},"worldPosition":null,"leftButton":false,"middleButton":false,"rightButton":false,"forwardButton":false,"backButton":false,"scroll":{"x":0,"y":0},"clickedObjectNormalizedPaths":[]},
{"apiVersion":1,"startTime":16.7375647,"screenSize":{"x":2132,"y":1199},"position":{"x":1283,"y":231},"worldPosition":null,"leftButton":false,"middleButton":false,"rightButton":false,"forwardButton":false,"backButton":false,"scroll":{"x":0,"y":0},"clickedObjectNormalizedPaths":[]},
{"apiVersion":1,"startTime":16.7457470,"screenSize":{"x":2132,"y":1199},"position":{"x":1279,"y":232},"worldPosition":null,"leftButton":false,"middleButton":false,"rightButton":false,"forwardButton":false,"backButton":false,"scroll":{"x":0,"y":0},"clickedObjectNormalizedPaths":[]},
{"apiVersion":1,"startTime":16.7534428,"screenSize":{"x":2132,"y":1199},"position":{"x":1266,"y":235},"worldPosition":null,"leftButton":false,"middleButton":false,"rightButton":false,"forwardButton":false,"backButton":false,"scroll":{"x":0,"y":0},"clickedObjectNormalizedPaths":[]},
{"apiVersion":1,"startTime":16.7631764,"screenSize":{"x":2132,"y":1199},"position":{"x":1263,"y":235},"worldPosition":null,"leftButton":false,"middleButton":false,"rightButton":false,"forwardButton":false,"backButton":false,"scroll":{"x":0,"y":0},"clickedObjectNormalizedPaths":[]},
{"apiVersion":1,"startTime":16.7714108,"screenSize":{"x":2132,"y":1199},"position":{"x":1256,"y":236},"worldPosition":null,"leftButton":false,"middleButton":false,"rightButton":false,"forwardButton":false,"backButton":false,"scroll":{"x":0,"y":0},"clickedObjectNormalizedPaths":[]},
{"apiVersion":1,"startTime":16.7794508,"screenSize":{"x":2132,"y":1199},"position":{"x":1250,"y":237},"worldPosition":null,"leftButton":false,"middleButton":false,"rightButton":false,"forwardButton":false,"backButton":false,"scroll":{"x":0,"y":0},"clickedObjectNormalizedPaths":[]},
{"apiVersion":1,"startTime":16.7870035,"screenSize":{"x":2132,"y":1199},"position":{"x":1245,"y":238},"worldPosition":null,"leftButton":false,"middleButton":false,"rightButton":false,"forwardButton":false,"backButton":false,"scroll":{"x":0,"y":0},"clickedObjectNormalizedPaths":[]},
{"apiVersion":1,"startTime":16.7961885,"screenSize":{"x":2132,"y":1199},"position":{"x":1239,"y":239},"worldPosition":null,"leftButton":false,"middleButton":false,"rightButton":false,"forwardButton":false,"backButton":false,"scroll":{"x":0,"y":0},"clickedObjectNormalizedPaths":[]},
{"apiVersion":1,"startTime":16.8040266,"screenSize":{"x":2132,"y":1199},"position":{"x":1235,"y":239},"worldPosition":null,"leftButton":false,"middleButton":false,"rightButton":false,"forwardButton":false,"backButton":false,"scroll":{"x":0,"y":0},"clickedObjectNormalizedPaths":[]},
{"apiVersion":1,"startTime":16.8133661,"screenSize":{"x":2132,"y":1199},"position":{"x":1230,"y":239},"worldPosition":null,"leftButton":false,"middleButton":false,"rightButton":false,"forwardButton":false,"backButton":false,"scroll":{"x":0,"y":0},"clickedObjectNormalizedPaths":[]},
{"apiVersion":1,"startTime":16.8211466,"screenSize":{"x":2132,"y":1199},"position":{"x":1226,"y":239},"worldPosition":null,"leftButton":false,"middleButton":false,"rightButton":false,"forwardButton":false,"backButton":false,"scroll":{"x":0,"y":0},"clickedObjectNormalizedPaths":[]},
{"apiVersion":1,"startTime":16.8291560,"screenSize":{"x":2132,"y":1199},"position":{"x":1222,"y":240},"worldPosition":null,"leftButton":false,"middleButton":false,"rightButton":false,"forwardButton":false,"backButton":false,"scroll":{"x":0,"y":0},"clickedObjectNormalizedPaths":[]},
{"apiVersion":1,"startTime":16.8386952,"screenSize":{"x":2132,"y":1199},"position":{"x":1218,"y":240},"worldPosition":null,"leftButton":false,"middleButton":false,"rightButton":false,"forwardButton":false,"backButton":false,"scroll":{"x":0,"y":0},"clickedObjectNormalizedPaths":[]},
{"apiVersion":1,"startTime":16.8465887,"screenSize":{"x":2132,"y":1199},"position":{"x":1214,"y":241},"worldPosition":null,"leftButton":false,"middleButton":false,"rightButton":false,"forwardButton":false,"backButton":false,"scroll":{"x":0,"y":0},"clickedObjectNormalizedPaths":[]},
{"apiVersion":1,"startTime":16.8542308,"screenSize":{"x":2132,"y":1199},"position":{"x":1209,"y":241},"worldPosition":null,"leftButton":false,"middleButton":false,"rightButton":false,"forwardButton":false,"backButton":false,"scroll":{"x":0,"y":0},"clickedObjectNormalizedPaths":[]},
{"apiVersion":1,"startTime":16.8629554,"screenSize":{"x":2132,"y":1199},"position":{"x":1205,"y":241},"worldPosition":null,"leftButton":false,"middleButton":false,"rightButton":false,"forwardButton":false,"backButton":false,"scroll":{"x":0,"y":0},"clickedObjectNormalizedPaths":[]},
{"apiVersion":1,"startTime":16.8712645,"screenSize":{"x":2132,"y":1199},"position":{"x":1201,"y":242},"worldPosition":null,"leftButton":false,"middleButton":false,"rightButton":false,"forwardButton":false,"backButton":false,"scroll":{"x":0,"y":0},"clickedObjectNormalizedPaths":[]},
{"apiVersion":1,"startTime":16.8795359,"screenSize":{"x":2132,"y":1199},"position":{"x":1196,"y":242},"worldPosition":null,"leftButton":false,"middleButton":false,"rightButton":false,"forwardButton":false,"backButton":false,"scroll":{"x":0,"y":0},"clickedObjectNormalizedPaths":[]},
{"apiVersion":1,"startTime":16.8879373,"screenSize":{"x":2132,"y":1199},"position":{"x":1192,"y":242},"worldPosition":null,"leftButton":false,"middleButton":false,"rightButton":false,"forwardButton":false,"backButton":false,"scroll":{"x":0,"y":0},"clickedObjectNormalizedPaths":[]},
{"apiVersion":1,"startTime":16.8958537,"screenSize":{"x":2132,"y":1199},"position":{"x":1189,"y":242},"worldPosition":null,"leftButton":false,"middleButton":false,"rightButton":false,"forwardButton":false,"backButton":false,"scroll":{"x":0,"y":0},"clickedObjectNormalizedPaths":[]},
{"apiVersion":1,"startTime":16.9046712,"screenSize":{"x":2132,"y":1199},"position":{"x":1185,"y":242},"worldPosition":null,"leftButton":false,"middleButton":false,"rightButton":false,"forwardButton":false,"backButton":false,"scroll":{"x":0,"y":0},"clickedObjectNormalizedPaths":[]},
{"apiVersion":1,"startTime":16.9140559,"screenSize":{"x":2132,"y":1199},"position":{"x":1182,"y":242},"worldPosition":null,"leftButton":false,"middleButton":false,"rightButton":false,"forwardButton":false,"backButton":false,"scroll":{"x":0,"y":0},"clickedObjectNormalizedPaths":[]},
{"apiVersion":1,"startTime":16.9211723,"screenSize":{"x":2132,"y":1199},"position":{"x":1179,"y":242},"worldPosition":null,"leftButton":false,"middleButton":false,"rightButton":false,"forwardButton":false,"backButton":false,"scroll":{"x":0,"y":0},"clickedObjectNormalizedPaths":[]},
{"apiVersion":1,"startTime":16.9296675,"screenSize":{"x":2132,"y":1199},"position":{"x":1175,"y":242},"worldPosition":null,"leftButton":false,"middleButton":false,"rightButton":false,"forwardButton":false,"backButton":false,"scroll":{"x":0,"y":0},"clickedObjectNormalizedPaths":[]},
{"apiVersion":1,"startTime":16.9372646,"screenSize":{"x":2132,"y":1199},"position":{"x":1172,"y":242},"worldPosition":null,"leftButton":false,"middleButton":false,"rightButton":false,"forwardButton":false,"backButton":false,"scroll":{"x":0,"y":0},"clickedObjectNormalizedPaths":[]},
{"apiVersion":1,"startTime":16.9458413,"screenSize":{"x":2132,"y":1199},"position":{"x":1170,"y":242},"worldPosition":null,"leftButton":false,"middleButton":false,"rightButton":false,"forwardButton":false,"backButton":false,"scroll":{"x":0,"y":0},"clickedObjectNormalizedPaths":[]},
{"apiVersion":1,"startTime":16.9546842,"screenSize":{"x":2132,"y":1199},"position":{"x":1167,"y":242},"worldPosition":null,"leftButton":false,"middleButton":false,"rightButton":false,"forwardButton":false,"backButton":false,"scroll":{"x":0,"y":0},"clickedObjectNormalizedPaths":[]},
{"apiVersion":1,"startTime":16.9628317,"screenSize":{"x":2132,"y":1199},"position":{"x":1164,"y":242},"worldPosition":null,"leftButton":false,"middleButton":false,"rightButton":false,"forwardButton":false,"backButton":false,"scroll":{"x":0,"y":0},"clickedObjectNormalizedPaths":[]},
{"apiVersion":1,"startTime":16.9713451,"screenSize":{"x":2132,"y":1199},"position":{"x":1162,"y":242},"worldPosition":null,"leftButton":false,"middleButton":false,"rightButton":false,"forwardButton":false,"backButton":false,"scroll":{"x":0,"y":0},"clickedObjectNormalizedPaths":[]},
{"apiVersion":1,"startTime":16.9796593,"screenSize":{"x":2132,"y":1199},"position":{"x":1160,"y":241},"worldPosition":null,"leftButton":false,"middleButton":false,"rightButton":false,"forwardButton":false,"backButton":false,"scroll":{"x":0,"y":0},"clickedObjectNormalizedPaths":[]},
{"apiVersion":1,"startTime":16.9876480,"screenSize":{"x":2132,"y":1199},"position":{"x":1158,"y":241},"worldPosition":null,"leftButton":false,"middleButton":false,"rightButton":false,"forwardButton":false,"backButton":false,"scroll":{"x":0,"y":0},"clickedObjectNormalizedPaths":[]},
{"apiVersion":1,"startTime":16.9962460,"screenSize":{"x":2132,"y":1199},"position":{"x":1156,"y":240},"worldPosition":null,"leftButton":false,"middleButton":false,"rightButton":false,"forwardButton":false,"backButton":false,"scroll":{"x":0,"y":0},"clickedObjectNormalizedPaths":[]},
{"apiVersion":1,"startTime":17.0045556,"screenSize":{"x":2132,"y":1199},"position":{"x":1155,"y":239},"worldPosition":null,"leftButton":false,"middleButton":false,"rightButton":false,"forwardButton":false,"backButton":false,"scroll":{"x":0,"y":0},"clickedObjectNormalizedPaths":[]},
{"apiVersion":1,"startTime":17.0127706,"screenSize":{"x":2132,"y":1199},"position":{"x":1152,"y":239},"worldPosition":null,"leftButton":false,"middleButton":false,"rightButton":false,"forwardButton":false,"backButton":false,"scroll":{"x":0,"y":0},"clickedObjectNormalizedPaths":[]},
{"apiVersion":1,"startTime":17.0211612,"screenSize":{"x":2132,"y":1199},"position":{"x":1151,"y":238},"worldPosition":null,"leftButton":false,"middleButton":false,"rightButton":false,"forwardButton":false,"backButton":false,"scroll":{"x":0,"y":0},"clickedObjectNormalizedPaths":[]},
{"apiVersion":1,"startTime":17.0293527,"screenSize":{"x":2132,"y":1199},"position":{"x":1150,"y":237},"worldPosition":null,"leftButton":false,"middleButton":false,"rightButton":false,"forwardButton":false,"backButton":false,"scroll":{"x":0,"y":0},"clickedObjectNormalizedPaths":[]},
{"apiVersion":1,"startTime":17.0383037,"screenSize":{"x":2132,"y":1199},"position":{"x":1148,"y":236},"worldPosition":null,"leftButton":false,"middleButton":false,"rightButton":false,"forwardButton":false,"backButton":false,"scroll":{"x":0,"y":0},"clickedObjectNormalizedPaths":[]},
{"apiVersion":1,"startTime":17.0459542,"screenSize":{"x":2132,"y":1199},"position":{"x":1146,"y":236},"worldPosition":null,"leftButton":false,"middleButton":false,"rightButton":false,"forwardButton":false,"backButton":false,"scroll":{"x":0,"y":0},"clickedObjectNormalizedPaths":[]},
{"apiVersion":1,"startTime":17.0543713,"screenSize":{"x":2132,"y":1199},"position":{"x":1146,"y":235},"worldPosition":null,"leftButton":false,"middleButton":false,"rightButton":false,"forwardButton":false,"backButton":false,"scroll":{"x":0,"y":0},"clickedObjectNormalizedPaths":[]},
{"apiVersion":1,"startTime":17.0628884,"screenSize":{"x":2132,"y":1199},"position":{"x":1145,"y":234},"worldPosition":null,"leftButton":false,"middleButton":false,"rightButton":false,"forwardButton":false,"backButton":false,"scroll":{"x":0,"y":0},"clickedObjectNormalizedPaths":[]},
{"apiVersion":1,"startTime":17.0709525,"screenSize":{"x":2132,"y":1199},"position":{"x":1144,"y":234},"worldPosition":null,"leftButton":false,"middleButton":false,"rightButton":false,"forwardButton":false,"backButton":false,"scroll":{"x":0,"y":0},"clickedObjectNormalizedPaths":[]},
{"apiVersion":1,"startTime":17.0792110,"screenSize":{"x":2132,"y":1199},"position":{"x":1143,"y":234},"worldPosition":null,"leftButton":false,"middleButton":false,"rightButton":false,"forwardButton":false,"backButton":false,"scroll":{"x":0,"y":0},"clickedObjectNormalizedPaths":[]},
{"apiVersion":1,"startTime":17.1125509,"screenSize":{"x":2132,"y":1199},"position":{"x":1143,"y":233},"worldPosition":null,"leftButton":false,"middleButton":false,"rightButton":false,"forwardButton":false,"backButton":false,"scroll":{"x":0,"y":0},"clickedObjectNormalizedPaths":[]},
{"apiVersion":1,"startTime":17.2294570,"screenSize":{"x":2132,"y":1199},"position":{"x":1143,"y":232},"worldPosition":null,"leftButton":false,"middleButton":false,"rightButton":false,"forwardButton":false,"backButton":false,"scroll":{"x":0,"y":0},"clickedObjectNormalizedPaths":[]},
{"apiVersion":1,"startTime":17.6229464,"screenSize":{"x":2132,"y":1199},"position":{"x":1143,"y":232},"worldPosition":null,"leftButton":true,"middleButton":false,"rightButton":false,"forwardButton":false,"backButton":false,"scroll":{"x":0,"y":0},"clickedObjectNormalizedPaths":["UI Canvas/UnityLogo/Room8Logo","UI Canvas/UnityLogo","UI Canvas/Profile Button/Text","UI Canvas/Profile Button"]},
{"apiVersion":1,"startTime":17.7044843,"screenSize":{"x":2132,"y":1199},"position":{"x":1143,"y":232},"worldPosition":null,"leftButton":false,"middleButton":false,"rightButton":false,"forwardButton":false,"backButton":false,"scroll":{"x":0,"y":0},"clickedObjectNormalizedPaths":["UI Canvas/UnityLogo/Room8Logo","UI Canvas/UnityLogo","UI Canvas/Profile Button/Text","UI Canvas/Profile Button"]}
]
}
}}}