{
"name":null,
"description":null,
"sessionId":"003b138189aa463898a47786c2949fda",
"apiVersion":15,
"endCriteria":[
{"type":"NormalizedPath","apiVersion":7,"transient":true,"data":{"path":"UI Canvas/Lobby Start Button/Text","apiVersion":1,"removedCount":0,"addedCount":0,"count":1,"countRule":"NonZero"}},
{"type":"NormalizedPath","apiVersion":7,"transient":true,"data":{"path":"UI Canvas/UnityLogo/Room8Logo","apiVersion":1,"removedCount":0,"addedCount":0,"count":1,"countRule":"NonZero"}},
{"type":"NormalizedPath","apiVersion":7,"transient":true,"data":{"path":"UI Canvas/UnityLogo/JHLogo","apiVersion":1,"removedCount":0,"addedCount":0,"count":1,"countRule":"NonZero"}},
{"type":"NormalizedPath","apiVersion":7,"transient":true,"data":{"path":"UI Canvas/Title","apiVersion":1,"removedCount":0,"addedCount":0,"count":1,"countRule":"NonZero"}},
{"type":"NormalizedPath","apiVersion":7,"transient":true,"data":{"path":"UI Canvas/UnityLogo","apiVersion":1,"removedCount":0,"addedCount":0,"count":1,"countRule":"NonZero"}},
{"type":"NormalizedPath","apiVersion":7,"transient":true,"data":{"path":"SettingsPanelCanvas/Settings Button","apiVersion":1,"removedCount":0,"addedCount":0,"count":1,"countRule":"NonZero"}},
{"type":"NormalizedPath","apiVersion":7,"transient":true,"data":{"path":"SettingsPanelCanvas/Quit Button","apiVersion":1,"removedCount":0,"addedCount":0,"count":1,"countRule":"NonZero"}},
{"type":"NormalizedPath","apiVersion":7,"transient":true,"data":{"path":"UI Canvas/Profile Button/Text","apiVersion":1,"removedCount":0,"addedCount":0,"count":1,"countRule":"NonZero"}},
{"type":"NormalizedPath","apiVersion":7,"transient":true,"data":{"path":"UI Canvas/UnityLogo/SFLogo","apiVersion":1,"removedCount":0,"addedCount":0,"count":1,"countRule":"NonZero"}},
{"type":"NormalizedPath","apiVersion":7,"transient":true,"data":{"path":"UI Canvas/UnityLogo/UnityLogo","apiVersion":1,"removedCount":0,"addedCount":0,"count":1,"countRule":"NonZero"}},
{"type":"NormalizedPath","apiVersion":7,"transient":true,"data":{"path":"UI Canvas/Lobby Start Button","apiVersion":1,"removedCount":0,"addedCount":0,"count":1,"countRule":"NonZero"}},
{"type":"NormalizedPath","apiVersion":7,"transient":true,"data":{"path":"UI Canvas/IP Start Button","apiVersion":1,"removedCount":0,"addedCount":0,"count":1,"countRule":"NonZero"}},
{"type":"NormalizedPath","apiVersion":7,"transient":true,"data":{"path":"UI Canvas/Profile Button","apiVersion":1,"removedCount":0,"addedCount":0,"count":1,"countRule":"NonZero"}},
{"type":"NormalizedPath","apiVersion":7,"transient":true,"data":{"path":"UI Canvas/IP Start Button/Text","apiVersion":1,"removedCount":0,"addedCount":0,"count":1,"countRule":"NonZero"}},
{"type":"NormalizedPath","apiVersion":7,"transient":true,"data":{"path":"CharSel_Background/wall1_top_straight_2","apiVersion":1,"removedCount":0,"addedCount":0,"count":9,"countRule":"NonZero"}},
{"type":"NormalizedPath","apiVersion":7,"transient":true,"data":{"path":"CharSel_Background/wall1_base_straight_1","apiVersion":1,"removedCount":0,"addedCount":0,"count":2,"countRule":"NonZero"}},
{"type":"NormalizedPath","apiVersion":7,"transient":true,"data":{"path":"CharSel_Background/env_floor1","apiVersion":1,"removedCount":0,"addedCount":0,"count":8,"countRule":"NonZero"}},
{"type":"NormalizedPath","apiVersion":7,"transient":true,"data":{"path":"CharSel_Background/wall1_top_straight_1","apiVersion":1,"removedCount":0,"addedCount":0,"count":3,"countRule":"NonZero"}},
{"type":"NormalizedPath","apiVersion":7,"transient":true,"data":{"path":"CharSel_Background/env_pebbles","apiVersion":1,"removedCount":0,"addedCount":0,"count":2,"countRule":"NonZero"}},
{"type":"NormalizedPath","apiVersion":7,"transient":true,"data":{"path":"CharSel_Background/env_roots/env_roots_LOD1","apiVersion":1,"removedCount":0,"addedCount":0,"count":2,"countRule":"NonZero"}},
{"type":"NormalizedPath","apiVersion":7,"transient":true,"data":{"path":"CharSel_Background/env_door_boss_head","apiVersion":1,"removedCount":0,"addedCount":0,"count":2,"countRule":"NonZero"}},
{"type":"NormalizedPath","apiVersion":7,"transient":true,"data":{"path":"CharSel_Background/wall1_base_straight_2","apiVersion":1,"removedCount":0,"addedCount":0,"count":2,"countRule":"NonZero"}},
{"type":"NormalizedPath","apiVersion":7,"transient":true,"data":{"path":"CharSel_Background/env_roots","apiVersion":1,"removedCount":0,"addedCount":0,"count":2,"countRule":"NonZero"}},
{"type":"NormalizedPath","apiVersion":7,"transient":true,"data":{"path":"CharSel_Background/env_floor2","apiVersion":1,"removedCount":0,"addedCount":0,"count":4,"countRule":"NonZero"}},
{"type":"NormalizedPath","apiVersion":7,"transient":true,"data":{"path":"CharSel_Background/env_barrier/env_barrier_LOD1","apiVersion":1,"removedCount":0,"addedCount":0,"count":1,"countRule":"NonZero"}},
{"type":"NormalizedPath","apiVersion":7,"transient":true,"data":{"path":"CharSel_Background/env_torch","apiVersion":1,"removedCount":0,"addedCount":0,"count":2,"countRule":"NonZero"}},
{"type":"NormalizedPath","apiVersion":7,"transient":true,"data":{"path":"CharSel_Background/env_Door/env_DoorLOD","apiVersion":1,"removedCount":0,"addedCount":0,"count":1,"countRule":"NonZero"}},
{"type":"NormalizedPath","apiVersion":7,"transient":true,"data":{"path":"CharSel_Background/env_Door","apiVersion":1,"removedCount":0,"addedCount":0,"count":1,"countRule":"NonZero"}},
{"type":"NormalizedPath","apiVersion":7,"transient":true,"data":{"path":"CharSel_Background/env_barrier","apiVersion":1,"removedCount":0,"addedCount":0,"count":1,"countRule":"NonZero"}},
{"type":"NormalizedPath","apiVersion":7,"transient":true,"data":{"path":"CharSel_Background/env_spiderweb_1","apiVersion":1,"removedCount":0,"addedCount":0,"count":1,"countRule":"NonZero"}},
{"type":"NormalizedPath","apiVersion":7,"transient":true,"data":{"path":"CharSel_Background/env_rock","apiVersion":1,"removedCount":0,"addedCount":0,"count":2,"countRule":"NonZero"}},
{"type":"NormalizedPath","apiVersion":7,"transient":true,"data":{"path":"CharSel_Background/FX_Torch_Fire/Fire","apiVersion":1,"removedCount":0,"addedCount":0,"count":2,"countRule":"NonZero"}},
{"type":"NormalizedPath","apiVersion":7,"transient":true,"data":{"path":"CharSel_Background/FX_Torch_Fire/Points","apiVersion":1,"removedCount":0,"addedCount":0,"count":2,"countRule":"NonZero"}},
{"type":"NormalizedPath","apiVersion":7,"transient":true,"data":{"path":"CharSel_Background/FX_Torch_Fire/Smoke","apiVersion":1,"removedCount":0,"addedCount":0,"count":2,"countRule":"NonZero"}},
{"type":"NormalizedPath","apiVersion":7,"transient":true,"data":{"path":"UI Canvas/ProfilePopup/ProfilesPanel/Viewport","apiVersion":1,"removedCount":1,"addedCount":0,"count":0,"countRule":"Zero"}},
{"type":"NormalizedPath","apiVersion":7,"transient":true,"data":{"path":"UI Canvas/ProfilePopup/Create Profile Button","apiVersion":1,"removedCount":1,"addedCount":0,"count":0,"countRule":"Zero"}},
{"type":"NormalizedPath","apiVersion":7,"transient":true,"data":{"path":"UI Canvas/ProfilePopup/Profile Input Field","apiVersion":1,"removedCount":1,"addedCount":0,"count":0,"countRule":"Zero"}},
{"type":"NormalizedPath","apiVersion":7,"transient":true,"data":{"path":"UI Canvas/ProfilePopup/Create Profile Button/Create Profile Text","apiVersion":1,"removedCount":1,"addedCount":0,"count":0,"countRule":"Zero"}},
{"type":"NormalizedPath","apiVersion":7,"transient":true,"data":{"path":"UI Canvas/ProfilePopup/ProfilesPanel/Viewport/ProfileList/ProfileListItemUI Prototype/Select Profile Button","apiVersion":1,"removedCount":1,"addedCount":0,"count":0,"countRule":"Zero"}},
{"type":"NormalizedPath","apiVersion":7,"transient":true,"data":{"path":"UI Canvas/ProfilePopup/Profile Input Field/InputText","apiVersion":1,"removedCount":1,"addedCount":0,"count":0,"countRule":"Zero"}},
{"type":"NormalizedPath","apiVersion":7,"transient":true,"data":{"path":"UI Canvas/ProfilePopup/Image","apiVersion":1,"removedCount":1,"addedCount":0,"count":0,"countRule":"Zero"}},
{"type":"NormalizedPath","apiVersion":7,"transient":true,"data":{"path":"UI Canvas/ProfilePopup","apiVersion":1,"removedCount":1,"addedCount":0,"count":0,"countRule":"Zero"}},
{"type":"NormalizedPath","apiVersion":7,"transient":true,"data":{"path":"UI Canvas/ProfilePopup/ProfilesPanel/Scrollbar","apiVersion":1,"removedCount":1,"addedCount":0,"count":0,"countRule":"Zero"}},
{"type":"NormalizedPath","apiVersion":7,"transient":true,"data":{"path":"UI Canvas/ProfilePopup/TitleBackground","apiVersion":1,"removedCount":1,"addedCount":0,"count":0,"countRule":"Zero"}},
{"type":"NormalizedPath","apiVersion":7,"transient":true,"data":{"path":"UI Canvas/ProfilePopup/Title","apiVersion":1,"removedCount":1,"addedCount":0,"count":0,"countRule":"Zero"}},
{"type":"NormalizedPath","apiVersion":7,"transient":true,"data":{"path":"UI Canvas/ProfilePopup/ProfilesPanel/Viewport/ProfileList/ProfileListItemUI Prototype","apiVersion":1,"removedCount":1,"addedCount":0,"count":0,"countRule":"Zero"}},
{"type":"NormalizedPath","apiVersion":7,"transient":true,"data":{"path":"UI Canvas/ProfilePopup/ProfilesPanel/Viewport/EmptyProfileList","apiVersion":1,"removedCount":1,"addedCount":0,"count":0,"countRule":"Zero"}},
{"type":"NormalizedPath","apiVersion":7,"transient":true,"data":{"path":"UI Canvas/ProfilePopup/ProfilesPanel/Scrollbar/Sliding Area/Handle","apiVersion":1,"removedCount":1,"addedCount":0,"count":0,"countRule":"Zero"}},
{"type":"NormalizedPath","apiVersion":7,"transient":true,"data":{"path":"UI Canvas/ProfilePopup/ProfilesPanel/Viewport/ProfileList/ProfileListItemUI Prototype/Delete Profile Button","apiVersion":1,"removedCount":1,"addedCount":0,"count":0,"countRule":"Zero"}},
{"type":"NormalizedPath","apiVersion":7,"transient":true,"data":{"path":"UI Canvas/ProfilePopup/Profile Input Field/InputBox","apiVersion":1,"removedCount":1,"addedCount":0,"count":0,"countRule":"Zero"}},
{"type":"NormalizedPath","apiVersion":7,"transient":true,"data":{"path":"UI Canvas/ProfilePopup/Cancel Button","apiVersion":1,"removedCount":1,"addedCount":0,"count":0,"countRule":"Zero"}},
{"type":"NormalizedPath","apiVersion":7,"transient":true,"data":{"path":"UI Canvas/ProfilePopup/ProfilesPanel/Viewport/ProfileList/ProfileListItemUI Prototype/Select Profile Button/ProfileNameLabel","apiVersion":1,"removedCount":1,"addedCount":0,"count":0,"countRule":"Zero"}}
],
"botAction":{"type":"InputPlayback","apiVersion":1,"data":{
"apiVersion":1,
"startTime":17.7044843,
"inputData":{
"apiVersion":1,
"keyboard":[

],
"mouse":[
{"apiVersion":1,"startTime":18.3841641,"screenSize":{"x":2132,"y":1199},"position":{"x":1143,"y":234},"worldPosition":null,"leftButton":false,"middleButton":false,"rightButton":false,"forwardButton":false,"backButton":false,"scroll":{"x":0,"y":0},"clickedObjectNormalizedPaths":[]},
{"apiVersion":1,"startTime":18.3924465,"screenSize":{"x":2132,"y":1199},"position":{"x":1143,"y":237},"worldPosition":null,"leftButton":false,"middleButton":false,"rightButton":false,"forwardButton":false,"backButton":false,"scroll":{"x":0,"y":0},"clickedObjectNormalizedPaths":[]},
{"apiVersion":1,"startTime":18.4009453,"screenSize":{"x":2132,"y":1199},"position":{"x":1143,"y":240},"worldPosition":null,"leftButton":false,"middleButton":false,"rightButton":false,"forwardButton":false,"backButton":false,"scroll":{"x":0,"y":0},"clickedObjectNormalizedPaths":[]},
{"apiVersion":1,"startTime":18.4090602,"screenSize":{"x":2132,"y":1199},"position":{"x":1141,"y":251},"worldPosition":null,"leftButton":false,"middleButton":false,"rightButton":false,"forwardButton":false,"backButton":false,"scroll":{"x":0,"y":0},"clickedObjectNormalizedPaths":[]},
{"apiVersion":1,"startTime":18.4172742,"screenSize":{"x":2132,"y":1199},"position":{"x":1139,"y":256},"worldPosition":null,"leftButton":false,"middleButton":false,"rightButton":false,"forwardButton":false,"backButton":false,"scroll":{"x":0,"y":0},"clickedObjectNormalizedPaths":[]},
{"apiVersion":1,"startTime":18.4260845,"screenSize":{"x":2132,"y":1199},"position":{"x":1138,"y":261},"worldPosition":null,"leftButton":false,"middleButton":false,"rightButton":false,"forwardButton":false,"backButton":false,"scroll":{"x":0,"y":0},"clickedObjectNormalizedPaths":[]},
{"apiVersion":1,"startTime":18.4343615,"screenSize":{"x":2132,"y":1199},"position":{"x":1137,"y":267},"worldPosition":null,"leftButton":false,"middleButton":false,"rightButton":false,"forwardButton":false,"backButton":false,"scroll":{"x":0,"y":0},"clickedObjectNormalizedPaths":[]},
{"apiVersion":1,"startTime":18.4430680,"screenSize":{"x":2132,"y":1199},"position":{"x":1136,"y":273},"worldPosition":null,"leftButton":false,"middleButton":false,"rightButton":false,"forwardButton":false,"backButton":false,"scroll":{"x":0,"y":0},"clickedObjectNormalizedPaths":[]},
{"apiVersion":1,"startTime":18.4536816,"screenSize":{"x":2132,"y":1199},"position":{"x":1135,"y":277},"worldPosition":null,"leftButton":false,"middleButton":false,"rightButton":false,"forwardButton":false,"backButton":false,"scroll":{"x":0,"y":0},"clickedObjectNormalizedPaths":[]},
{"apiVersion":1,"startTime":18.4582198,"screenSize":{"x":2132,"y":1199},"position":{"x":1134,"y":281},"worldPosition":null,"leftButton":false,"middleButton":false,"rightButton":false,"forwardButton":false,"backButton":false,"scroll":{"x":0,"y":0},"clickedObjectNormalizedPaths":[]},
{"apiVersion":1,"startTime":18.4673485,"screenSize":{"x":2132,"y":1199},"position":{"x":1133,"y":285},"worldPosition":null,"leftButton":false,"middleButton":false,"rightButton":false,"forwardButton":false,"backButton":false,"scroll":{"x":0,"y":0},"clickedObjectNormalizedPaths":[]},
{"apiVersion":1,"startTime":18.4759476,"screenSize":{"x":2132,"y":1199},"position":{"x":1133,"y":290},"worldPosition":null,"leftButton":false,"middleButton":false,"rightButton":false,"forwardButton":false,"backButton":false,"scroll":{"x":0,"y":0},"clickedObjectNormalizedPaths":[]},
{"apiVersion":1,"startTime":18.4849236,"screenSize":{"x":2132,"y":1199},"position":{"x":1133,"y":295},"worldPosition":null,"leftButton":false,"middleButton":false,"rightButton":false,"forwardButton":false,"backButton":false,"scroll":{"x":0,"y":0},"clickedObjectNormalizedPaths":[]},
{"apiVersion":1,"startTime":18.4922457,"screenSize":{"x":2132,"y":1199},"position":{"x":1133,"y":302},"worldPosition":null,"leftButton":false,"middleButton":false,"rightButton":false,"forwardButton":false,"backButton":false,"scroll":{"x":0,"y":0},"clickedObjectNormalizedPaths":[]},
{"apiVersion":1,"startTime":18.5006583,"screenSize":{"x":2132,"y":1199},"position":{"x":1132,"y":308},"worldPosition":null,"leftButton":false,"middleButton":false,"rightButton":false,"forwardButton":false,"backButton":false,"scroll":{"x":0,"y":0},"clickedObjectNormalizedPaths":[]},
{"apiVersion":1,"startTime":18.5091811,"screenSize":{"x":2132,"y":1199},"position":{"x":1132,"y":314},"worldPosition":null,"leftButton":false,"middleButton":false,"rightButton":false,"forwardButton":false,"backButton":false,"scroll":{"x":0,"y":0},"clickedObjectNormalizedPaths":[]},
{"apiVersion":1,"startTime":18.5191003,"screenSize":{"x":2132,"y":1199},"position":{"x":1132,"y":319},"worldPosition":null,"leftButton":false,"middleButton":false,"rightButton":false,"forwardButton":false,"backButton":false,"scroll":{"x":0,"y":0},"clickedObjectNormalizedPaths":[]},
{"apiVersion":1,"startTime":18.5266417,"screenSize":{"x":2132,"y":1199},"position":{"x":1131,"y":326},"worldPosition":null,"leftButton":false,"middleButton":false,"rightButton":false,"forwardButton":false,"backButton":false,"scroll":{"x":0,"y":0},"clickedObjectNormalizedPaths":[]},
{"apiVersion":1,"startTime":18.5342475,"screenSize":{"x":2132,"y":1199},"position":{"x":1130,"y":333},"worldPosition":null,"leftButton":false,"middleButton":false,"rightButton":false,"forwardButton":false,"backButton":false,"scroll":{"x":0,"y":0},"clickedObjectNormalizedPaths":[]},
{"apiVersion":1,"startTime":18.5424621,"screenSize":{"x":2132,"y":1199},"position":{"x":1128,"y":340},"worldPosition":null,"leftButton":false,"middleButton":false,"rightButton":false,"forwardButton":false,"backButton":false,"scroll":{"x":0,"y":0},"clickedObjectNormalizedPaths":[]},
{"apiVersion":1,"startTime":18.5514141,"screenSize":{"x":2132,"y":1199},"position":{"x":1128,"y":349},"worldPosition":null,"leftButton":false,"middleButton":false,"rightButton":false,"forwardButton":false,"backButton":false,"scroll":{"x":0,"y":0},"clickedObjectNormalizedPaths":[]},
{"apiVersion":1,"startTime":18.5585693,"screenSize":{"x":2132,"y":1199},"position":{"x":1127,"y":356},"worldPosition":null,"leftButton":false,"middleButton":false,"rightButton":false,"forwardButton":false,"backButton":false,"scroll":{"x":0,"y":0},"clickedObjectNormalizedPaths":[]},
{"apiVersion":1,"startTime":18.5676630,"screenSize":{"x":2132,"y":1199},"position":{"x":1126,"y":365},"worldPosition":null,"leftButton":false,"middleButton":false,"rightButton":false,"forwardButton":false,"backButton":false,"scroll":{"x":0,"y":0},"clickedObjectNormalizedPaths":[]},
{"apiVersion":1,"startTime":18.5760942,"screenSize":{"x":2132,"y":1199},"position":{"x":1125,"y":374},"worldPosition":null,"leftButton":false,"middleButton":false,"rightButton":false,"forwardButton":false,"backButton":false,"scroll":{"x":0,"y":0},"clickedObjectNormalizedPaths":[]},
{"apiVersion":1,"startTime":18.5839832,"screenSize":{"x":2132,"y":1199},"position":{"x":1123,"y":383},"worldPosition":null,"leftButton":false,"middleButton":false,"rightButton":false,"forwardButton":false,"backButton":false,"scroll":{"x":0,"y":0},"clickedObjectNormalizedPaths":[]},
{"apiVersion":1,"startTime":18.5900770,"screenSize":{"x":2132,"y":1199},"position":{"x":1122,"y":393},"worldPosition":null,"leftButton":false,"middleButton":false,"rightButton":false,"forwardButton":false,"backButton":false,"scroll":{"x":0,"y":0},"clickedObjectNormalizedPaths":[]},
{"apiVersion":1,"startTime":18.6007983,"screenSize":{"x":2132,"y":1199},"position":{"x":1121,"y":402},"worldPosition":null,"leftButton":false,"middleButton":false,"rightButton":false,"forwardButton":false,"backButton":false,"scroll":{"x":0,"y":0},"clickedObjectNormalizedPaths":[]},
{"apiVersion":1,"startTime":18.6091934,"screenSize":{"x":2132,"y":1199},"position":{"x":1120,"y":413},"worldPosition":null,"leftButton":false,"middleButton":false,"rightButton":false,"forwardButton":false,"backButton":false,"scroll":{"x":0,"y":0},"clickedObjectNormalizedPaths":[]},
{"apiVersion":1,"startTime":18.6175612,"screenSize":{"x":2132,"y":1199},"position":{"x":1119,"y":421},"worldPosition":null,"leftButton":false,"middleButton":false,"rightButton":false,"forwardButton":false,"backButton":false,"scroll":{"x":0,"y":0},"clickedObjectNormalizedPaths":[]},
{"apiVersion":1,"startTime":18.6257790,"screenSize":{"x":2132,"y":1199},"position":{"x":1118,"y":426},"worldPosition":null,"leftButton":false,"middleButton":false,"rightButton":false,"forwardButton":false,"backButton":false,"scroll":{"x":0,"y":0},"clickedObjectNormalizedPaths":[]},
{"apiVersion":1,"startTime":18.6342701,"screenSize":{"x":2132,"y":1199},"position":{"x":1115,"y":438},"worldPosition":null,"leftButton":false,"middleButton":false,"rightButton":false,"forwardButton":false,"backButton":false,"scroll":{"x":0,"y":0},"clickedObjectNormalizedPaths":[]},
{"apiVersion":1,"startTime":18.6427570,"screenSize":{"x":2132,"y":1199},"position":{"x":1114,"y":447},"worldPosition":null,"leftButton":false,"middleButton":false,"rightButton":false,"forwardButton":false,"backButton":false,"scroll":{"x":0,"y":0},"clickedObjectNormalizedPaths":[]},
{"apiVersion":1,"startTime":18.6508852,"screenSize":{"x":2132,"y":1199},"position":{"x":1113,"y":454},"worldPosition":null,"leftButton":false,"middleButton":false,"rightButton":false,"forwardButton":false,"backButton":false,"scroll":{"x":0,"y":0},"clickedObjectNormalizedPaths":[]},
{"apiVersion":1,"startTime":18.6595898,"screenSize":{"x":2132,"y":1199},"position":{"x":1112,"y":463},"worldPosition":null,"leftButton":false,"middleButton":false,"rightButton":false,"forwardButton":false,"backButton":false,"scroll":{"x":0,"y":0},"clickedObjectNormalizedPaths":[]},
{"apiVersion":1,"startTime":18.6673616,"screenSize":{"x":2132,"y":1199},"position":{"x":1111,"y":472},"worldPosition":null,"leftButton":false,"middleButton":false,"rightButton":false,"forwardButton":false,"backButton":false,"scroll":{"x":0,"y":0},"clickedObjectNormalizedPaths":[]},
{"apiVersion":1,"startTime":18.6761015,"screenSize":{"x":2132,"y":1199},"position":{"x":1110,"y":482},"worldPosition":null,"leftButton":false,"middleButton":false,"rightButton":false,"forwardButton":false,"backButton":false,"scroll":{"x":0,"y":0},"clickedObjectNormalizedPaths":[]},
{"apiVersion":1,"startTime":18.6842500,"screenSize":{"x":2132,"y":1199},"position":{"x":1108,"y":495},"worldPosition":null,"leftButton":false,"middleButton":false,"rightButton":false,"forwardButton":false,"backButton":false,"scroll":{"x":0,"y":0},"clickedObjectNormalizedPaths":[]},
{"apiVersion":1,"startTime":18.6923007,"screenSize":{"x":2132,"y":1199},"position":{"x":1108,"y":506},"worldPosition":null,"leftButton":false,"middleButton":false,"rightButton":false,"forwardButton":false,"backButton":false,"scroll":{"x":0,"y":0},"clickedObjectNormalizedPaths":[]},
{"apiVersion":1,"startTime":18.7010922,"screenSize":{"x":2132,"y":1199},"position":{"x":1107,"y":518},"worldPosition":null,"leftButton":false,"middleButton":false,"rightButton":false,"forwardButton":false,"backButton":false,"scroll":{"x":0,"y":0},"clickedObjectNormalizedPaths":[]},
{"apiVersion":1,"startTime":18.7092695,"screenSize":{"x":2132,"y":1199},"position":{"x":1107,"y":531},"worldPosition":null,"leftButton":false,"middleButton":false,"rightButton":false,"forwardButton":false,"backButton":false,"scroll":{"x":0,"y":0},"clickedObjectNormalizedPaths":[]},
{"apiVersion":1,"startTime":18.7174613,"screenSize":{"x":2132,"y":1199},"position":{"x":1106,"y":543},"worldPosition":null,"leftButton":false,"middleButton":false,"rightButton":false,"forwardButton":false,"backButton":false,"scroll":{"x":0,"y":0},"clickedObjectNormalizedPaths":[]},
{"apiVersion":1,"startTime":18.7259097,"screenSize":{"x":2132,"y":1199},"position":{"x":1105,"y":569},"worldPosition":null,"leftButton":false,"middleButton":false,"rightButton":false,"forwardButton":false,"backButton":false,"scroll":{"x":0,"y":0},"clickedObjectNormalizedPaths":[]},
{"apiVersion":1,"startTime":18.7430587,"screenSize":{"x":2132,"y":1199},"position":{"x":1105,"y":594},"worldPosition":null,"leftButton":false,"middleButton":false,"rightButton":false,"forwardButton":false,"backButton":false,"scroll":{"x":0,"y":0},"clickedObjectNormalizedPaths":[]},
{"apiVersion":1,"startTime":18.7595783,"screenSize":{"x":2132,"y":1199},"position":{"x":1105,"y":604},"worldPosition":null,"leftButton":false,"middleButton":false,"rightButton":false,"forwardButton":false,"backButton":false,"scroll":{"x":0,"y":0},"clickedObjectNormalizedPaths":[]},
{"apiVersion":1,"startTime":18.7675219,"screenSize":{"x":2132,"y":1199},"position":{"x":1105,"y":610},"worldPosition":null,"leftButton":false,"middleButton":false,"rightButton":false,"forwardButton":false,"backButton":false,"scroll":{"x":0,"y":0},"clickedObjectNormalizedPaths":[]},
{"apiVersion":1,"startTime":18.7756661,"screenSize":{"x":2132,"y":1199},"position":{"x":1105,"y":619},"worldPosition":null,"leftButton":false,"middleButton":false,"rightButton":false,"forwardButton":false,"backButton":false,"scroll":{"x":0,"y":0},"clickedObjectNormalizedPaths":[]},
{"apiVersion":1,"startTime":18.7836050,"screenSize":{"x":2132,"y":1199},"position":{"x":1105,"y":636},"worldPosition":null,"leftButton":false,"middleButton":false,"rightButton":false,"forwardButton":false,"backButton":false,"scroll":{"x":0,"y":0},"clickedObjectNormalizedPaths":[]},
{"apiVersion":1,"startTime":18.7943145,"screenSize":{"x":2132,"y":1199},"position":{"x":1105,"y":645},"worldPosition":null,"leftButton":false,"middleButton":false,"rightButton":false,"forwardButton":false,"backButton":false,"scroll":{"x":0,"y":0},"clickedObjectNormalizedPaths":[]},
{"apiVersion":1,"startTime":18.8024255,"screenSize":{"x":2132,"y":1199},"position":{"x":1105,"y":651},"worldPosition":null,"leftButton":false,"middleButton":false,"rightButton":false,"forwardButton":false,"backButton":false,"scroll":{"x":0,"y":0},"clickedObjectNormalizedPaths":[]},
{"apiVersion":1,"startTime":18.8091816,"screenSize":{"x":2132,"y":1199},"position":{"x":1105,"y":658},"worldPosition":null,"leftButton":false,"middleButton":false,"rightButton":false,"forwardButton":false,"backButton":false,"scroll":{"x":0,"y":0},"clickedObjectNormalizedPaths":[]},
{"apiVersion":1,"startTime":18.8173202,"screenSize":{"x":2132,"y":1199},"position":{"x":1105,"y":663},"worldPosition":null,"leftButton":false,"middleButton":false,"rightButton":false,"forwardButton":false,"backButton":false,"scroll":{"x":0,"y":0},"clickedObjectNormalizedPaths":[]},
{"apiVersion":1,"startTime":18.8256412,"screenSize":{"x":2132,"y":1199},"position":{"x":1105,"y":669},"worldPosition":null,"leftButton":false,"middleButton":false,"rightButton":false,"forwardButton":false,"backButton":false,"scroll":{"x":0,"y":0},"clickedObjectNormalizedPaths":[]},
{"apiVersion":1,"startTime":18.8333822,"screenSize":{"x":2132,"y":1199},"position":{"x":1105,"y":673},"worldPosition":null,"leftButton":false,"middleButton":false,"rightButton":false,"forwardButton":false,"backButton":false,"scroll":{"x":0,"y":0},"clickedObjectNormalizedPaths":[]},
{"apiVersion":1,"startTime":18.8501342,"screenSize":{"x":2132,"y":1199},"position":{"x":1105,"y":683},"worldPosition":null,"leftButton":false,"middleButton":false,"rightButton":false,"forwardButton":false,"backButton":false,"scroll":{"x":0,"y":0},"clickedObjectNormalizedPaths":[]},
{"apiVersion":1,"startTime":18.8600773,"screenSize":{"x":2132,"y":1199},"position":{"x":1105,"y":688},"worldPosition":null,"leftButton":false,"middleButton":false,"rightButton":false,"forwardButton":false,"backButton":false,"scroll":{"x":0,"y":0},"clickedObjectNormalizedPaths":[]},
{"apiVersion":1,"startTime":18.8672902,"screenSize":{"x":2132,"y":1199},"position":{"x":1105,"y":693},"worldPosition":null,"leftButton":false,"middleButton":false,"rightButton":false,"forwardButton":false,"backButton":false,"scroll":{"x":0,"y":0},"clickedObjectNormalizedPaths":[]},
{"apiVersion":1,"startTime":18.8758329,"screenSize":{"x":2132,"y":1199},"position":{"x":1105,"y":697},"worldPosition":null,"leftButton":false,"middleButton":false,"rightButton":false,"forwardButton":false,"backButton":false,"scroll":{"x":0,"y":0},"clickedObjectNormalizedPaths":[]},
{"apiVersion":1,"startTime":18.8842539,"screenSize":{"x":2132,"y":1199},"position":{"x":1105,"y":700},"worldPosition":null,"leftButton":false,"middleButton":false,"rightButton":false,"forwardButton":false,"backButton":false,"scroll":{"x":0,"y":0},"clickedObjectNormalizedPaths":[]},
{"apiVersion":1,"startTime":18.8918167,"screenSize":{"x":2132,"y":1199},"position":{"x":1105,"y":703},"worldPosition":null,"leftButton":false,"middleButton":false,"rightButton":false,"forwardButton":false,"backButton":false,"scroll":{"x":0,"y":0},"clickedObjectNormalizedPaths":[]},
{"apiVersion":1,"startTime":18.9006460,"screenSize":{"x":2132,"y":1199},"position":{"x":1105,"y":706},"worldPosition":null,"leftButton":false,"middleButton":false,"rightButton":false,"forwardButton":false,"backButton":false,"scroll":{"x":0,"y":0},"clickedObjectNormalizedPaths":[]},
{"apiVersion":1,"startTime":18.9091645,"screenSize":{"x":2132,"y":1199},"position":{"x":1105,"y":709},"worldPosition":null,"leftButton":false,"middleButton":false,"rightButton":false,"forwardButton":false,"backButton":false,"scroll":{"x":0,"y":0},"clickedObjectNormalizedPaths":[]},
{"apiVersion":1,"startTime":18.9175612,"screenSize":{"x":2132,"y":1199},"position":{"x":1105,"y":712},"worldPosition":null,"leftButton":false,"middleButton":false,"rightButton":false,"forwardButton":false,"backButton":false,"scroll":{"x":0,"y":0},"clickedObjectNormalizedPaths":[]},
{"apiVersion":1,"startTime":18.9265240,"screenSize":{"x":2132,"y":1199},"position":{"x":1105,"y":714},"worldPosition":null,"leftButton":false,"middleButton":false,"rightButton":false,"forwardButton":false,"backButton":false,"scroll":{"x":0,"y":0},"clickedObjectNormalizedPaths":[]},
{"apiVersion":1,"startTime":18.9338847,"screenSize":{"x":2132,"y":1199},"position":{"x":1105,"y":715},"worldPosition":null,"leftButton":false,"middleButton":false,"rightButton":false,"forwardButton":false,"backButton":false,"scroll":{"x":0,"y":0},"clickedObjectNormalizedPaths":[]},
{"apiVersion":1,"startTime":18.9423766,"screenSize":{"x":2132,"y":1199},"position":{"x":1105,"y":716},"worldPosition":null,"leftButton":false,"middleButton":false,"rightButton":false,"forwardButton":false,"backButton":false,"scroll":{"x":0,"y":0},"clickedObjectNormalizedPaths":[]},
{"apiVersion":1,"startTime":18.9507444,"screenSize":{"x":2132,"y":1199},"position":{"x":1105,"y":717},"worldPosition":null,"leftButton":false,"middleButton":false,"rightButton":false,"forwardButton":false,"backButton":false,"scroll":{"x":0,"y":0},"clickedObjectNormalizedPaths":[]},
{"apiVersion":1,"startTime":19.0844304,"screenSize":{"x":2132,"y":1199},"position":{"x":1105,"y":716},"worldPosition":null,"leftButton":false,"middleButton":false,"rightButton":false,"forwardButton":false,"backButton":false,"scroll":{"x":0,"y":0},"clickedObjectNormalizedPaths":[]},
{"apiVersion":1,"startTime":19.1428484,"screenSize":{"x":2132,"y":1199},"position":{"x":1105,"y":715},"worldPosition":null,"leftButton":false,"middleButton":false,"rightButton":false,"forwardButton":false,"backButton":false,"scroll":{"x":0,"y":0},"clickedObjectNormalizedPaths":[]},
{"apiVersion":1,"startTime":19.3258700,"screenSize":{"x":2132,"y":1199},"position":{"x":1105,"y":715},"worldPosition":null,"leftButton":true,"middleButton":false,"rightButton":false,"forwardButton":false,"backButton":false,"scroll":{"x":0,"y":0},"clickedObjectNormalizedPaths":["UI Canvas/ProfilePopup/ProfilesPanel/Viewport","UI Canvas/Title","UI Canvas/ProfilePopup/Image","UI Canvas/ProfilePopup"]},
{"apiVersion":1,"startTime":19.5258570,"screenSize":{"x":2132,"y":1199},"position":{"x":1105,"y":714},"worldPosition":null,"leftButton":true,"middleButton":false,"rightButton":false,"forwardButton":false,"backButton":false,"scroll":{"x":0,"y":0},"clickedObjectNormalizedPaths":[]},
{"apiVersion":1,"startTime":19.5341085,"screenSize":{"x":2132,"y":1199},"position":{"x":1105,"y":712},"worldPosition":null,"leftButton":true,"middleButton":false,"rightButton":false,"forwardButton":false,"backButton":false,"scroll":{"x":0,"y":0},"clickedObjectNormalizedPaths":[]},
{"apiVersion":1,"startTime":19.5428113,"screenSize":{"x":2132,"y":1199},"position":{"x":1105,"y":709},"worldPosition":null,"leftButton":true,"middleButton":false,"rightButton":false,"forwardButton":false,"backButton":false,"scroll":{"x":0,"y":0},"clickedObjectNormalizedPaths":[]},
{"apiVersion":1,"startTime":19.5513011,"screenSize":{"x":2132,"y":1199},"position":{"x":1105,"y":701},"worldPosition":null,"leftButton":true,"middleButton":false,"rightButton":false,"forwardButton":false,"backButton":false,"scroll":{"x":0,"y":0},"clickedObjectNormalizedPaths":[]},
{"apiVersion":1,"startTime":19.5594565,"screenSize":{"x":2132,"y":1199},"position":{"x":1105,"y":698},"worldPosition":null,"leftButton":true,"middleButton":false,"rightButton":false,"forwardButton":false,"backButton":false,"scroll":{"x":0,"y":0},"clickedObjectNormalizedPaths":[]},
{"apiVersion":1,"startTime":19.5677388,"screenSize":{"x":2132,"y":1199},"position":{"x":1105,"y":694},"worldPosition":null,"leftButton":true,"middleButton":false,"rightButton":false,"forwardButton":false,"backButton":false,"scroll":{"x":0,"y":0},"clickedObjectNormalizedPaths":[]},
{"apiVersion":1,"startTime":19.5845676,"screenSize":{"x":2132,"y":1199},"position":{"x":1105,"y":684},"worldPosition":null,"leftButton":true,"middleButton":false,"rightButton":false,"forwardButton":false,"backButton":false,"scroll":{"x":0,"y":0},"clickedObjectNormalizedPaths":[]},
{"apiVersion":1,"startTime":19.6006879,"screenSize":{"x":2132,"y":1199},"position":{"x":1105,"y":677},"worldPosition":null,"leftButton":true,"middleButton":false,"rightButton":false,"forwardButton":false,"backButton":false,"scroll":{"x":0,"y":0},"clickedObjectNormalizedPaths":[]},
{"apiVersion":1,"startTime":19.6090598,"screenSize":{"x":2132,"y":1199},"position":{"x":1105,"y":670},"worldPosition":null,"leftButton":true,"middleButton":false,"rightButton":false,"forwardButton":false,"backButton":false,"scroll":{"x":0,"y":0},"clickedObjectNormalizedPaths":[]},
{"apiVersion":1,"startTime":19.6173457,"screenSize":{"x":2132,"y":1199},"position":{"x":1105,"y":663},"worldPosition":null,"leftButton":true,"middleButton":false,"rightButton":false,"forwardButton":false,"backButton":false,"scroll":{"x":0,"y":0},"clickedObjectNormalizedPaths":[]},
{"apiVersion":1,"startTime":19.6262181,"screenSize":{"x":2132,"y":1199},"position":{"x":1105,"y":649},"worldPosition":null,"leftButton":true,"middleButton":false,"rightButton":false,"forwardButton":false,"backButton":false,"scroll":{"x":0,"y":0},"clickedObjectNormalizedPaths":[]},
{"apiVersion":1,"startTime":19.6342958,"screenSize":{"x":2132,"y":1199},"position":{"x":1105,"y":643},"worldPosition":null,"leftButton":true,"middleButton":false,"rightButton":false,"forwardButton":false,"backButton":false,"scroll":{"x":0,"y":0},"clickedObjectNormalizedPaths":[]},
{"apiVersion":1,"startTime":19.6508296,"screenSize":{"x":2132,"y":1199},"position":{"x":1105,"y":636},"worldPosition":null,"leftButton":true,"middleButton":false,"rightButton":false,"forwardButton":false,"backButton":false,"scroll":{"x":0,"y":0},"clickedObjectNormalizedPaths":[]},
{"apiVersion":1,"startTime":19.6591468,"screenSize":{"x":2132,"y":1199},"position":{"x":1105,"y":629},"worldPosition":null,"leftButton":true,"middleButton":false,"rightButton":false,"forwardButton":false,"backButton":false,"scroll":{"x":0,"y":0},"clickedObjectNormalizedPaths":[]},
{"apiVersion":1,"startTime":19.6677454,"screenSize":{"x":2132,"y":1199},"position":{"x":1105,"y":622},"worldPosition":null,"leftButton":true,"middleButton":false,"rightButton":false,"forwardButton":false,"backButton":false,"scroll":{"x":0,"y":0},"clickedObjectNormalizedPaths":[]},
{"apiVersion":1,"startTime":19.6758371,"screenSize":{"x":2132,"y":1199},"position":{"x":1105,"y":611},"worldPosition":null,"leftButton":true,"middleButton":false,"rightButton":false,"forwardButton":false,"backButton":false,"scroll":{"x":0,"y":0},"clickedObjectNormalizedPaths":[]},
{"apiVersion":1,"startTime":19.6925517,"screenSize":{"x":2132,"y":1199},"position":{"x":1105,"y":605},"worldPosition":null,"leftButton":true,"middleButton":false,"rightButton":false,"forwardButton":false,"backButton":false,"scroll":{"x":0,"y":0},"clickedObjectNormalizedPaths":[]},
{"apiVersion":1,"startTime":19.7007943,"screenSize":{"x":2132,"y":1199},"position":{"x":1104,"y":602},"worldPosition":null,"leftButton":true,"middleButton":false,"rightButton":false,"forwardButton":false,"backButton":false,"scroll":{"x":0,"y":0},"clickedObjectNormalizedPaths":[]},
{"apiVersion":1,"startTime":19.7085078,"screenSize":{"x":2132,"y":1199},"position":{"x":1104,"y":598},"worldPosition":null,"leftButton":true,"middleButton":false,"rightButton":false,"forwardButton":false,"backButton":false,"scroll":{"x":0,"y":0},"clickedObjectNormalizedPaths":[]},
{"apiVersion":1,"startTime":19.7173387,"screenSize":{"x":2132,"y":1199},"position":{"x":1104,"y":593},"worldPosition":null,"leftButton":true,"middleButton":false,"rightButton":false,"forwardButton":false,"backButton":false,"scroll":{"x":0,"y":0},"clickedObjectNormalizedPaths":[]},
{"apiVersion":1,"startTime":19.7260670,"screenSize":{"x":2132,"y":1199},"position":{"x":1104,"y":590},"worldPosition":null,"leftButton":true,"middleButton":false,"rightButton":false,"forwardButton":false,"backButton":false,"scroll":{"x":0,"y":0},"clickedObjectNormalizedPaths":[]},
{"apiVersion":1,"startTime":19.7343978,"screenSize":{"x":2132,"y":1199},"position":{"x":1103,"y":586},"worldPosition":null,"leftButton":true,"middleButton":false,"rightButton":false,"forwardButton":false,"backButton":false,"scroll":{"x":0,"y":0},"clickedObjectNormalizedPaths":[]},
{"apiVersion":1,"startTime":19.7427231,"screenSize":{"x":2132,"y":1199},"position":{"x":1103,"y":579},"worldPosition":null,"leftButton":true,"middleButton":false,"rightButton":false,"forwardButton":false,"backButton":false,"scroll":{"x":0,"y":0},"clickedObjectNormalizedPaths":[]},
{"apiVersion":1,"startTime":19.7511915,"screenSize":{"x":2132,"y":1199},"position":{"x":1102,"y":577},"worldPosition":null,"leftButton":true,"middleButton":false,"rightButton":false,"forwardButton":false,"backButton":false,"scroll":{"x":0,"y":0},"clickedObjectNormalizedPaths":[]},
{"apiVersion":1,"startTime":19.7589857,"screenSize":{"x":2132,"y":1199},"position":{"x":1102,"y":575},"worldPosition":null,"leftButton":true,"middleButton":false,"rightButton":false,"forwardButton":false,"backButton":false,"scroll":{"x":0,"y":0},"clickedObjectNormalizedPaths":[]},
{"apiVersion":1,"startTime":19.7677758,"screenSize":{"x":2132,"y":1199},"position":{"x":1102,"y":573},"worldPosition":null,"leftButton":true,"middleButton":false,"rightButton":false,"forwardButton":false,"backButton":false,"scroll":{"x":0,"y":0},"clickedObjectNormalizedPaths":[]},
{"apiVersion":1,"startTime":19.7757495,"screenSize":{"x":2132,"y":1199},"position":{"x":1102,"y":571},"worldPosition":null,"leftButton":true,"middleButton":false,"rightButton":false,"forwardButton":false,"backButton":false,"scroll":{"x":0,"y":0},"clickedObjectNormalizedPaths":[]},
{"apiVersion":1,"startTime":19.7842562,"screenSize":{"x":2132,"y":1199},"position":{"x":1102,"y":568},"worldPosition":null,"leftButton":true,"middleButton":false,"rightButton":false,"forwardButton":false,"backButton":false,"scroll":{"x":0,"y":0},"clickedObjectNormalizedPaths":[]},
{"apiVersion":1,"startTime":19.7926575,"screenSize":{"x":2132,"y":1199},"position":{"x":1101,"y":566},"worldPosition":null,"leftButton":true,"middleButton":false,"rightButton":false,"forwardButton":false,"backButton":false,"scroll":{"x":0,"y":0},"clickedObjectNormalizedPaths":[]},
{"apiVersion":1,"startTime":19.8007663,"screenSize":{"x":2132,"y":1199},"position":{"x":1101,"y":564},"worldPosition":null,"leftButton":true,"middleButton":false,"rightButton":false,"forwardButton":false,"backButton":false,"scroll":{"x":0,"y":0},"clickedObjectNormalizedPaths":[]},
{"apiVersion":1,"startTime":19.8095562,"screenSize":{"x":2132,"y":1199},"position":{"x":1101,"y":561},"worldPosition":null,"leftButton":true,"middleButton":false,"rightButton":false,"forwardButton":false,"backButton":false,"scroll":{"x":0,"y":0},"clickedObjectNormalizedPaths":[]},
{"apiVersion":1,"startTime":19.8178466,"screenSize":{"x":2132,"y":1199},"position":{"x":1101,"y":559},"worldPosition":null,"leftButton":true,"middleButton":false,"rightButton":false,"forwardButton":false,"backButton":false,"scroll":{"x":0,"y":0},"clickedObjectNormalizedPaths":[]},
{"apiVersion":1,"startTime":19.8259604,"screenSize":{"x":2132,"y":1199},"position":{"x":1101,"y":557},"worldPosition":null,"leftButton":true,"middleButton":false,"rightButton":false,"forwardButton":false,"backButton":false,"scroll":{"x":0,"y":0},"clickedObjectNormalizedPaths":[]},
{"apiVersion":1,"startTime":19.8346039,"screenSize":{"x":2132,"y":1199},"position":{"x":1100,"y":555},"worldPosition":null,"leftButton":true,"middleButton":false,"rightButton":false,"forwardButton":false,"backButton":false,"scroll":{"x":0,"y":0},"clickedObjectNormalizedPaths":[]},
{"apiVersion":1,"startTime":19.8422727,"screenSize":{"x":2132,"y":1199},"position":{"x":1100,"y":553},"worldPosition":null,"leftButton":true,"middleButton":false,"rightButton":false,"forwardButton":false,"backButton":false,"scroll":{"x":0,"y":0},"clickedObjectNormalizedPaths":[]},
{"apiVersion":1,"startTime":19.8594709,"screenSize":{"x":2132,"y":1199},"position":{"x":1100,"y":552},"worldPosition":null,"leftButton":true,"middleButton":false,"rightButton":false,"forwardButton":false,"backButton":false,"scroll":{"x":0,"y":0},"clickedObjectNormalizedPaths":[]},
{"apiVersion":1,"startTime":19.8681817,"screenSize":{"x":2132,"y":1199},"position":{"x":1100,"y":551},"worldPosition":null,"leftButton":true,"middleButton":false,"rightButton":false,"forwardButton":false,"backButton":false,"scroll":{"x":0,"y":0},"clickedObjectNormalizedPaths":[]},
{"apiVersion":1,"startTime":19.8842549,"screenSize":{"x":2132,"y":1199},"position":{"x":1099,"y":550},"worldPosition":null,"leftButton":true,"middleButton":false,"rightButton":false,"forwardButton":false,"backButton":false,"scroll":{"x":0,"y":0},"clickedObjectNormalizedPaths":[]},
{"apiVersion":1,"startTime":19.9602818,"screenSize":{"x":2132,"y":1199},"position":{"x":1098,"y":551},"worldPosition":null,"leftButton":true,"middleButton":false,"rightButton":false,"forwardButton":false,"backButton":false,"scroll":{"x":0,"y":0},"clickedObjectNormalizedPaths":[]},
{"apiVersion":1,"startTime":19.9758452,"screenSize":{"x":2132,"y":1199},"position":{"x":1098,"y":552},"worldPosition":null,"leftButton":true,"middleButton":false,"rightButton":false,"forwardButton":false,"backButton":false,"scroll":{"x":0,"y":0},"clickedObjectNormalizedPaths":[]},
{"apiVersion":1,"startTime":19.9922018,"screenSize":{"x":2132,"y":1199},"position":{"x":1098,"y":553},"worldPosition":null,"leftButton":true,"middleButton":false,"rightButton":false,"forwardButton":false,"backButton":false,"scroll":{"x":0,"y":0},"clickedObjectNormalizedPaths":[]},
{"apiVersion":1,"startTime":20.0017178,"screenSize":{"x":2132,"y":1199},"position":{"x":1097,"y":555},"worldPosition":null,"leftButton":true,"middleButton":false,"rightButton":false,"forwardButton":false,"backButton":false,"scroll":{"x":0,"y":0},"clickedObjectNormalizedPaths":[]},
{"apiVersion":1,"startTime":20.0096097,"screenSize":{"x":2132,"y":1199},"position":{"x":1097,"y":557},"worldPosition":null,"leftButton":true,"middleButton":false,"rightButton":false,"forwardButton":false,"backButton":false,"scroll":{"x":0,"y":0},"clickedObjectNormalizedPaths":[]},
{"apiVersion":1,"startTime":20.0334473,"screenSize":{"x":2132,"y":1199},"position":{"x":1095,"y":565},"worldPosition":null,"leftButton":true,"middleButton":false,"rightButton":false,"forwardButton":false,"backButton":false,"scroll":{"x":0,"y":0},"clickedObjectNormalizedPaths":[]},
{"apiVersion":1,"startTime":20.0380353,"screenSize":{"x":2132,"y":1199},"position":{"x":1095,"y":568},"worldPosition":null,"leftButton":true,"middleButton":false,"rightButton":false,"forwardButton":false,"backButton":false,"scroll":{"x":0,"y":0},"clickedObjectNormalizedPaths":[]},
{"apiVersion":1,"startTime":20.0520591,"screenSize":{"x":2132,"y":1199},"position":{"x":1095,"y":572},"worldPosition":null,"leftButton":true,"middleButton":false,"rightButton":false,"forwardButton":false,"backButton":false,"scroll":{"x":0,"y":0},"clickedObjectNormalizedPaths":[]},
{"apiVersion":1,"startTime":20.0605998,"screenSize":{"x":2132,"y":1199},"position":{"x":1094,"y":578},"worldPosition":null,"leftButton":true,"middleButton":false,"rightButton":false,"forwardButton":false,"backButton":false,"scroll":{"x":0,"y":0},"clickedObjectNormalizedPaths":[]},
{"apiVersion":1,"startTime":20.0698809,"screenSize":{"x":2132,"y":1199},"position":{"x":1094,"y":591},"worldPosition":null,"leftButton":true,"middleButton":false,"rightButton":false,"forwardButton":false,"backButton":false,"scroll":{"x":0,"y":0},"clickedObjectNormalizedPaths":[]},
{"apiVersion":1,"startTime":20.0782016,"screenSize":{"x":2132,"y":1199},"position":{"x":1093,"y":597},"worldPosition":null,"leftButton":true,"middleButton":false,"rightButton":false,"forwardButton":false,"backButton":false,"scroll":{"x":0,"y":0},"clickedObjectNormalizedPaths":[]},
{"apiVersion":1,"startTime":20.0862866,"screenSize":{"x":2132,"y":1199},"position":{"x":1093,"y":603},"worldPosition":null,"leftButton":true,"middleButton":false,"rightButton":false,"forwardButton":false,"backButton":false,"scroll":{"x":0,"y":0},"clickedObjectNormalizedPaths":[]},
{"apiVersion":1,"startTime":20.0945358,"screenSize":{"x":2132,"y":1199},"position":{"x":1093,"y":611},"worldPosition":null,"leftButton":true,"middleButton":false,"rightButton":false,"forwardButton":false,"backButton":false,"scroll":{"x":0,"y":0},"clickedObjectNormalizedPaths":[]},
{"apiVersion":1,"startTime":20.1104877,"screenSize":{"x":2132,"y":1199},"position":{"x":1093,"y":618},"worldPosition":null,"leftButton":true,"middleButton":false,"rightButton":false,"forwardButton":false,"backButton":false,"scroll":{"x":0,"y":0},"clickedObjectNormalizedPaths":[]},
{"apiVersion":1,"startTime":20.1190472,"screenSize":{"x":2132,"y":1199},"position":{"x":1093,"y":625},"worldPosition":null,"leftButton":true,"middleButton":false,"rightButton":false,"forwardButton":false,"backButton":false,"scroll":{"x":0,"y":0},"clickedObjectNormalizedPaths":[]},
{"apiVersion":1,"startTime":20.1268333,"screenSize":{"x":2132,"y":1199},"position":{"x":1093,"y":632},"worldPosition":null,"leftButton":true,"middleButton":false,"rightButton":false,"forwardButton":false,"backButton":false,"scroll":{"x":0,"y":0},"clickedObjectNormalizedPaths":[]},
{"apiVersion":1,"startTime":20.1355911,"screenSize":{"x":2132,"y":1199},"position":{"x":1093,"y":646},"worldPosition":null,"leftButton":true,"middleButton":false,"rightButton":false,"forwardButton":false,"backButton":false,"scroll":{"x":0,"y":0},"clickedObjectNormalizedPaths":[]},
{"apiVersion":1,"startTime":20.1435602,"screenSize":{"x":2132,"y":1199},"position":{"x":1093,"y":653},"worldPosition":null,"leftButton":true,"middleButton":false,"rightButton":false,"forwardButton":false,"backButton":false,"scroll":{"x":0,"y":0},"clickedObjectNormalizedPaths":[]},
{"apiVersion":1,"startTime":20.1521479,"screenSize":{"x":2132,"y":1199},"position":{"x":1092,"y":661},"worldPosition":null,"leftButton":true,"middleButton":false,"rightButton":false,"forwardButton":false,"backButton":false,"scroll":{"x":0,"y":0},"clickedObjectNormalizedPaths":[]},
{"apiVersion":1,"startTime":20.1600342,"screenSize":{"x":2132,"y":1199},"position":{"x":1092,"y":668},"worldPosition":null,"leftButton":true,"middleButton":false,"rightButton":false,"forwardButton":false,"backButton":false,"scroll":{"x":0,"y":0},"clickedObjectNormalizedPaths":[]},
{"apiVersion":1,"startTime":20.1685600,"screenSize":{"x":2132,"y":1199},"position":{"x":1092,"y":674},"worldPosition":null,"leftButton":true,"middleButton":false,"rightButton":false,"forwardButton":false,"backButton":false,"scroll":{"x":0,"y":0},"clickedObjectNormalizedPaths":[]},
{"apiVersion":1,"startTime":20.1760937,"screenSize":{"x":2132,"y":1199},"position":{"x":1092,"y":681},"worldPosition":null,"leftButton":true,"middleButton":false,"rightButton":false,"forwardButton":false,"backButton":false,"scroll":{"x":0,"y":0},"clickedObjectNormalizedPaths":[]},
{"apiVersion":1,"startTime":20.1853748,"screenSize":{"x":2132,"y":1199},"position":{"x":1092,"y":687},"worldPosition":null,"leftButton":true,"middleButton":false,"rightButton":false,"forwardButton":false,"backButton":false,"scroll":{"x":0,"y":0},"clickedObjectNormalizedPaths":[]},
{"apiVersion":1,"startTime":20.1935533,"screenSize":{"x":2132,"y":1199},"position":{"x":1092,"y":692},"worldPosition":null,"leftButton":true,"middleButton":false,"rightButton":false,"forwardButton":false,"backButton":false,"scroll":{"x":0,"y":0},"clickedObjectNormalizedPaths":[]},
{"apiVersion":1,"startTime":20.2030584,"screenSize":{"x":2132,"y":1199},"position":{"x":1092,"y":697},"worldPosition":null,"leftButton":true,"middleButton":false,"rightButton":false,"forwardButton":false,"backButton":false,"scroll":{"x":0,"y":0},"clickedObjectNormalizedPaths":[]},
{"apiVersion":1,"startTime":20.2108232,"screenSize":{"x":2132,"y":1199},"position":{"x":1092,"y":701},"worldPosition":null,"leftButton":true,"middleButton":false,"rightButton":false,"forwardButton":false,"backButton":false,"scroll":{"x":0,"y":0},"clickedObjectNormalizedPaths":[]},
{"apiVersion":1,"startTime":20.2178676,"screenSize":{"x":2132,"y":1199},"position":{"x":1092,"y":705},"worldPosition":null,"leftButton":true,"middleButton":false,"rightButton":false,"forwardButton":false,"backButton":false,"scroll":{"x":0,"y":0},"clickedObjectNormalizedPaths":[]},
{"apiVersion":1,"startTime":20.2267412,"screenSize":{"x":2132,"y":1199},"position":{"x":1092,"y":708},"worldPosition":null,"leftButton":true,"middleButton":false,"rightButton":false,"forwardButton":false,"backButton":false,"scroll":{"x":0,"y":0},"clickedObjectNormalizedPaths":[]},
{"apiVersion":1,"startTime":20.2353606,"screenSize":{"x":2132,"y":1199},"position":{"x":1092,"y":712},"worldPosition":null,"leftButton":true,"middleButton":false,"rightButton":false,"forwardButton":false,"backButton":false,"scroll":{"x":0,"y":0},"clickedObjectNormalizedPaths":[]},
{"apiVersion":1,"startTime":20.2433774,"screenSize":{"x":2132,"y":1199},"position":{"x":1092,"y":716},"worldPosition":null,"leftButton":true,"middleButton":false,"rightButton":false,"forwardButton":false,"backButton":false,"scroll":{"x":0,"y":0},"clickedObjectNormalizedPaths":[]},
{"apiVersion":1,"startTime":20.2518533,"screenSize":{"x":2132,"y":1199},"position":{"x":1092,"y":718},"worldPosition":null,"leftButton":true,"middleButton":false,"rightButton":false,"forwardButton":false,"backButton":false,"scroll":{"x":0,"y":0},"clickedObjectNormalizedPaths":[]},
{"apiVersion":1,"startTime":20.2602696,"screenSize":{"x":2132,"y":1199},"position":{"x":1092,"y":722},"worldPosition":null,"leftButton":true,"middleButton":false,"rightButton":false,"forwardButton":false,"backButton":false,"scroll":{"x":0,"y":0},"clickedObjectNormalizedPaths":[]},
{"apiVersion":1,"startTime":20.2687474,"screenSize":{"x":2132,"y":1199},"position":{"x":1092,"y":727},"worldPosition":null,"leftButton":true,"middleButton":false,"rightButton":false,"forwardButton":false,"backButton":false,"scroll":{"x":0,"y":0},"clickedObjectNormalizedPaths":[]},
{"apiVersion":1,"startTime":20.2769543,"screenSize":{"x":2132,"y":1199},"position":{"x":1092,"y":732},"worldPosition":null,"leftButton":true,"middleButton":false,"rightButton":false,"forwardButton":false,"backButton":false,"scroll":{"x":0,"y":0},"clickedObjectNormalizedPaths":[]},
{"apiVersion":1,"startTime":20.2854693,"screenSize":{"x":2132,"y":1199},"position":{"x":1092,"y":737},"worldPosition":null,"leftButton":true,"middleButton":false,"rightButton":false,"forwardButton":false,"backButton":false,"scroll":{"x":0,"y":0},"clickedObjectNormalizedPaths":[]},
{"apiVersion":1,"startTime":20.2936429,"screenSize":{"x":2132,"y":1199},"position":{"x":1092,"y":741},"worldPosition":null,"leftButton":true,"middleButton":false,"rightButton":false,"forwardButton":false,"backButton":false,"scroll":{"x":0,"y":0},"clickedObjectNormalizedPaths":[]},
{"apiVersion":1,"startTime":20.3020477,"screenSize":{"x":2132,"y":1199},"position":{"x":1092,"y":746},"worldPosition":null,"leftButton":true,"middleButton":false,"rightButton":false,"forwardButton":false,"backButton":false,"scroll":{"x":0,"y":0},"clickedObjectNormalizedPaths":[]},
{"apiVersion":1,"startTime":20.3103730,"screenSize":{"x":2132,"y":1199},"position":{"x":1092,"y":751},"worldPosition":null,"leftButton":true,"middleButton":false,"rightButton":false,"forwardButton":false,"backButton":false,"scroll":{"x":0,"y":0},"clickedObjectNormalizedPaths":[]},
{"apiVersion":1,"startTime":20.3186612,"screenSize":{"x":2132,"y":1199},"position":{"x":1093,"y":758},"worldPosition":null,"leftButton":true,"middleButton":false,"rightButton":false,"forwardButton":false,"backButton":false,"scroll":{"x":0,"y":0},"clickedObjectNormalizedPaths":[]},
{"apiVersion":1,"startTime":20.3267559,"screenSize":{"x":2132,"y":1199},"position":{"x":1093,"y":761},"worldPosition":null,"leftButton":true,"middleButton":false,"rightButton":false,"forwardButton":false,"backButton":false,"scroll":{"x":0,"y":0},"clickedObjectNormalizedPaths":[]},
{"apiVersion":1,"startTime":20.3436685,"screenSize":{"x":2132,"y":1199},"position":{"x":1094,"y":765},"worldPosition":null,"leftButton":true,"middleButton":false,"rightButton":false,"forwardButton":false,"backButton":false,"scroll":{"x":0,"y":0},"clickedObjectNormalizedPaths":[]},
{"apiVersion":1,"startTime":20.3520882,"screenSize":{"x":2132,"y":1199},"position":{"x":1094,"y":769},"worldPosition":null,"leftButton":true,"middleButton":false,"rightButton":false,"forwardButton":false,"backButton":false,"scroll":{"x":0,"y":0},"clickedObjectNormalizedPaths":[]},
{"apiVersion":1,"startTime":20.3685868,"screenSize":{"x":2132,"y":1199},"position":{"x":1095,"y":771},"worldPosition":null,"leftButton":true,"middleButton":false,"rightButton":false,"forwardButton":false,"backButton":false,"scroll":{"x":0,"y":0},"clickedObjectNormalizedPaths":[]},
{"apiVersion":1,"startTime":20.3771290,"screenSize":{"x":2132,"y":1199},"position":{"x":1095,"y":772},"worldPosition":null,"leftButton":true,"middleButton":false,"rightButton":false,"forwardButton":false,"backButton":false,"scroll":{"x":0,"y":0},"clickedObjectNormalizedPaths":[]},
{"apiVersion":1,"startTime":20.3853719,"screenSize":{"x":2132,"y":1199},"position":{"x":1095,"y":773},"worldPosition":null,"leftButton":true,"middleButton":false,"rightButton":false,"forwardButton":false,"backButton":false,"scroll":{"x":0,"y":0},"clickedObjectNormalizedPaths":[]},
{"apiVersion":1,"startTime":20.5017694,"screenSize":{"x":2132,"y":1199},"position":{"x":1096,"y":773},"worldPosition":null,"leftButton":true,"middleButton":false,"rightButton":false,"forwardButton":false,"backButton":false,"scroll":{"x":0,"y":0},"clickedObjectNormalizedPaths":[]},
{"apiVersion":1,"startTime":20.5104544,"screenSize":{"x":2132,"y":1199},"position":{"x":1096,"y":770},"worldPosition":null,"leftButton":true,"middleButton":false,"rightButton":false,"forwardButton":false,"backButton":false,"scroll":{"x":0,"y":0},"clickedObjectNormalizedPaths":[]},
{"apiVersion":1,"startTime":20.5184969,"screenSize":{"x":2132,"y":1199},"position":{"x":1096,"y":769},"worldPosition":null,"leftButton":true,"middleButton":false,"rightButton":false,"forwardButton":false,"backButton":false,"scroll":{"x":0,"y":0},"clickedObjectNormalizedPaths":[]},
{"apiVersion":1,"startTime":20.5266870,"screenSize":{"x":2132,"y":1199},"position":{"x":1096,"y":767},"worldPosition":null,"leftButton":true,"middleButton":false,"rightButton":false,"forwardButton":false,"backButton":false,"scroll":{"x":0,"y":0},"clickedObjectNormalizedPaths":[]},
{"apiVersion":1,"startTime":20.5354581,"screenSize":{"x":2132,"y":1199},"position":{"x":1096,"y":766},"worldPosition":null,"leftButton":true,"middleButton":false,"rightButton":false,"forwardButton":false,"backButton":false,"scroll":{"x":0,"y":0},"clickedObjectNormalizedPaths":[]},
{"apiVersion":1,"startTime":20.5433052,"screenSize":{"x":2132,"y":1199},"position":{"x":1096,"y":764},"worldPosition":null,"leftButton":true,"middleButton":false,"rightButton":false,"forwardButton":false,"backButton":false,"scroll":{"x":0,"y":0},"clickedObjectNormalizedPaths":[]},
{"apiVersion":1,"startTime":20.5519740,"screenSize":{"x":2132,"y":1199},"position":{"x":1097,"y":762},"worldPosition":null,"leftButton":true,"middleButton":false,"rightButton":false,"forwardButton":false,"backButton":false,"scroll":{"x":0,"y":0},"clickedObjectNormalizedPaths":[]},
{"apiVersion":1,"startTime":20.5604882,"screenSize":{"x":2132,"y":1199},"position":{"x":1097,"y":760},"worldPosition":null,"leftButton":true,"middleButton":false,"rightButton":false,"forwardButton":false,"backButton":false,"scroll":{"x":0,"y":0},"clickedObjectNormalizedPaths":[]},
{"apiVersion":1,"startTime":20.5682807,"screenSize":{"x":2132,"y":1199},"position":{"x":1097,"y":758},"worldPosition":null,"leftButton":true,"middleButton":false,"rightButton":false,"forwardButton":false,"backButton":false,"scroll":{"x":0,"y":0},"clickedObjectNormalizedPaths":[]},
{"apiVersion":1,"startTime":20.5771132,"screenSize":{"x":2132,"y":1199},"position":{"x":1097,"y":756},"worldPosition":null,"leftButton":true,"middleButton":false,"rightButton":false,"forwardButton":false,"backButton":false,"scroll":{"x":0,"y":0},"clickedObjectNormalizedPaths":[]},
{"apiVersion":1,"startTime":20.5853658,"screenSize":{"x":2132,"y":1199},"position":{"x":1097,"y":754},"worldPosition":null,"leftButton":true,"middleButton":false,"rightButton":false,"forwardButton":false,"backButton":false,"scroll":{"x":0,"y":0},"clickedObjectNormalizedPaths":[]},
{"apiVersion":1,"startTime":20.5934620,"screenSize":{"x":2132,"y":1199},"position":{"x":1098,"y":753},"worldPosition":null,"leftButton":true,"middleButton":false,"rightButton":false,"forwardButton":false,"backButton":false,"scroll":{"x":0,"y":0},"clickedObjectNormalizedPaths":[]},
{"apiVersion":1,"startTime":20.6021550,"screenSize":{"x":2132,"y":1199},"position":{"x":1098,"y":751},"worldPosition":null,"leftButton":true,"middleButton":false,"rightButton":false,"forwardButton":false,"backButton":false,"scroll":{"x":0,"y":0},"clickedObjectNormalizedPaths":[]},
{"apiVersion":1,"startTime":20.6103035,"screenSize":{"x":2132,"y":1199},"position":{"x":1098,"y":749},"worldPosition":null,"leftButton":true,"middleButton":false,"rightButton":false,"forwardButton":false,"backButton":false,"scroll":{"x":0,"y":0},"clickedObjectNormalizedPaths":[]},
{"apiVersion":1,"startTime":20.6187752,"screenSize":{"x":2132,"y":1199},"position":{"x":1099,"y":746},"worldPosition":null,"leftButton":true,"middleButton":false,"rightButton":false,"forwardButton":false,"backButton":false,"scroll":{"x":0,"y":0},"clickedObjectNormalizedPaths":[]},
{"apiVersion":1,"startTime":20.6266679,"screenSize":{"x":2132,"y":1199},"position":{"x":1099,"y":744},"worldPosition":null,"leftButton":true,"middleButton":false,"rightButton":false,"forwardButton":false,"backButton":false,"scroll":{"x":0,"y":0},"clickedObjectNormalizedPaths":[]},
{"apiVersion":1,"startTime":20.6349752,"screenSize":{"x":2132,"y":1199},"position":{"x":1099,"y":741},"worldPosition":null,"leftButton":true,"middleButton":false,"rightButton":false,"forwardButton":false,"backButton":false,"scroll":{"x":0,"y":0},"clickedObjectNormalizedPaths":[]},
{"apiVersion":1,"startTime":20.6449798,"screenSize":{"x":2132,"y":1199},"position":{"x":1099,"y":738},"worldPosition":null,"leftButton":true,"middleButton":false,"rightButton":false,"forwardButton":false,"backButton":false,"scroll":{"x":0,"y":0},"clickedObjectNormalizedPaths":[]},
{"apiVersion":1,"startTime":20.6516577,"screenSize":{"x":2132,"y":1199},"position":{"x":1099,"y":734},"worldPosition":null,"leftButton":true,"middleButton":false,"rightButton":false,"forwardButton":false,"backButton":false,"scroll":{"x":0,"y":0},"clickedObjectNormalizedPaths":[]},
{"apiVersion":1,"startTime":20.6600766,"screenSize":{"x":2132,"y":1199},"position":{"x":1099,"y":729},"worldPosition":null,"leftButton":true,"middleButton":false,"rightButton":false,"forwardButton":false,"backButton":false,"scroll":{"x":0,"y":0},"clickedObjectNormalizedPaths":[]},
{"apiVersion":1,"startTime":20.6686553,"screenSize":{"x":2132,"y":1199},"position":{"x":1099,"y":724},"worldPosition":null,"leftButton":true,"middleButton":false,"rightButton":false,"forwardButton":false,"backButton":false,"scroll":{"x":0,"y":0},"clickedObjectNormalizedPaths":[]},
{"apiVersion":1,"startTime":20.6770467,"screenSize":{"x":2132,"y":1199},"position":{"x":1099,"y":719},"worldPosition":null,"leftButton":true,"middleButton":false,"rightButton":false,"forwardButton":false,"backButton":false,"scroll":{"x":0,"y":0},"clickedObjectNormalizedPaths":[]},
{"apiVersion":1,"startTime":20.6854717,"screenSize":{"x":2132,"y":1199},"position":{"x":1099,"y":713},"worldPosition":null,"leftButton":true,"middleButton":false,"rightButton":false,"forwardButton":false,"backButton":false,"scroll":{"x":0,"y":0},"clickedObjectNormalizedPaths":[]},
{"apiVersion":1,"startTime":20.6938905,"screenSize":{"x":2132,"y":1199},"position":{"x":1099,"y":708},"worldPosition":null,"leftButton":true,"middleButton":false,"rightButton":false,"forwardButton":false,"backButton":false,"scroll":{"x":0,"y":0},"clickedObjectNormalizedPaths":[]},
{"apiVersion":1,"startTime":20.7020540,"screenSize":{"x":2132,"y":1199},"position":{"x":1099,"y":703},"worldPosition":null,"leftButton":true,"middleButton":false,"rightButton":false,"forwardButton":false,"backButton":false,"scroll":{"x":0,"y":0},"clickedObjectNormalizedPaths":[]},
{"apiVersion":1,"startTime":20.7102490,"screenSize":{"x":2132,"y":1199},"position":{"x":1099,"y":698},"worldPosition":null,"leftButton":true,"middleButton":false,"rightButton":false,"forwardButton":false,"backButton":false,"scroll":{"x":0,"y":0},"clickedObjectNormalizedPaths":[]},
{"apiVersion":1,"startTime":20.7183580,"screenSize":{"x":2132,"y":1199},"position":{"x":1100,"y":692},"worldPosition":null,"leftButton":true,"middleButton":false,"rightButton":false,"forwardButton":false,"backButton":false,"scroll":{"x":0,"y":0},"clickedObjectNormalizedPaths":[]},
{"apiVersion":1,"startTime":20.7268707,"screenSize":{"x":2132,"y":1199},"position":{"x":1100,"y":681},"worldPosition":null,"leftButton":true,"middleButton":false,"rightButton":false,"forwardButton":false,"backButton":false,"scroll":{"x":0,"y":0},"clickedObjectNormalizedPaths":[]},
{"apiVersion":1,"startTime":20.7356845,"screenSize":{"x":2132,"y":1199},"position":{"x":1100,"y":676},"worldPosition":null,"leftButton":true,"middleButton":false,"rightButton":false,"forwardButton":false,"backButton":false,"scroll":{"x":0,"y":0},"clickedObjectNormalizedPaths":[]},
{"apiVersion":1,"startTime":20.7431594,"screenSize":{"x":2132,"y":1199},"position":{"x":1100,"y":671},"worldPosition":null,"leftButton":true,"middleButton":false,"rightButton":false,"forwardButton":false,"backButton":false,"scroll":{"x":0,"y":0},"clickedObjectNormalizedPaths":[]},
{"apiVersion":1,"startTime":20.7596776,"screenSize":{"x":2132,"y":1199},"position":{"x":1100,"y":667},"worldPosition":null,"leftButton":true,"middleButton":false,"rightButton":false,"forwardButton":false,"backButton":false,"scroll":{"x":0,"y":0},"clickedObjectNormalizedPaths":[]},
{"apiVersion":1,"startTime":20.7685625,"screenSize":{"x":2132,"y":1199},"position":{"x":1100,"y":662},"worldPosition":null,"leftButton":true,"middleButton":false,"rightButton":false,"forwardButton":false,"backButton":false,"scroll":{"x":0,"y":0},"clickedObjectNormalizedPaths":[]},
{"apiVersion":1,"startTime":20.7772260,"screenSize":{"x":2132,"y":1199},"position":{"x":1100,"y":652},"worldPosition":null,"leftButton":true,"middleButton":false,"rightButton":false,"forwardButton":false,"backButton":false,"scroll":{"x":0,"y":0},"clickedObjectNormalizedPaths":[]},
{"apiVersion":1,"startTime":20.7940441,"screenSize":{"x":2132,"y":1199},"position":{"x":1100,"y":647},"worldPosition":null,"leftButton":true,"middleButton":false,"rightButton":false,"forwardButton":false,"backButton":false,"scroll":{"x":0,"y":0},"clickedObjectNormalizedPaths":[]},
{"apiVersion":1,"startTime":20.8019335,"screenSize":{"x":2132,"y":1199},"position":{"x":1100,"y":643},"worldPosition":null,"leftButton":true,"middleButton":false,"rightButton":false,"forwardButton":false,"backButton":false,"scroll":{"x":0,"y":0},"clickedObjectNormalizedPaths":[]},
{"apiVersion":1,"startTime":20.8114480,"screenSize":{"x":2132,"y":1199},"position":{"x":1100,"y":635},"worldPosition":null,"leftButton":true,"middleButton":false,"rightButton":false,"forwardButton":false,"backButton":false,"scroll":{"x":0,"y":0},"clickedObjectNormalizedPaths":[]},
{"apiVersion":1,"startTime":20.8190070,"screenSize":{"x":2132,"y":1199},"position":{"x":1100,"y":631},"worldPosition":null,"leftButton":true,"middleButton":false,"rightButton":false,"forwardButton":false,"backButton":false,"scroll":{"x":0,"y":0},"clickedObjectNormalizedPaths":[]},
{"apiVersion":1,"startTime":20.8280675,"screenSize":{"x":2132,"y":1199},"position":{"x":1100,"y":629},"worldPosition":null,"leftButton":true,"middleButton":false,"rightButton":false,"forwardButton":false,"backButton":false,"scroll":{"x":0,"y":0},"clickedObjectNormalizedPaths":[]},
{"apiVersion":1,"startTime":20.8447670,"screenSize":{"x":2132,"y":1199},"position":{"x":1100,"y":627},"worldPosition":null,"leftButton":true,"middleButton":false,"rightButton":false,"forwardButton":false,"backButton":false,"scroll":{"x":0,"y":0},"clickedObjectNormalizedPaths":[]},
{"apiVersion":1,"startTime":20.8522161,"screenSize":{"x":2132,"y":1199},"position":{"x":1100,"y":622},"worldPosition":null,"leftButton":true,"middleButton":false,"rightButton":false,"forwardButton":false,"backButton":false,"scroll":{"x":0,"y":0},"clickedObjectNormalizedPaths":[]},
{"apiVersion":1,"startTime":20.8619262,"screenSize":{"x":2132,"y":1199},"position":{"x":1100,"y":621},"worldPosition":null,"leftButton":true,"middleButton":false,"rightButton":false,"forwardButton":false,"backButton":false,"scroll":{"x":0,"y":0},"clickedObjectNormalizedPaths":[]},
{"apiVersion":1,"startTime":20.8690867,"screenSize":{"x":2132,"y":1199},"position":{"x":1100,"y":619},"worldPosition":null,"leftButton":true,"middleButton":false,"rightButton":false,"forwardButton":false,"backButton":false,"scroll":{"x":0,"y":0},"clickedObjectNormalizedPaths":[]},
{"apiVersion":1,"startTime":20.8786393,"screenSize":{"x":2132,"y":1199},"position":{"x":1100,"y":618},"worldPosition":null,"leftButton":true,"middleButton":false,"rightButton":false,"forwardButton":false,"backButton":false,"scroll":{"x":0,"y":0},"clickedObjectNormalizedPaths":[]},
{"apiVersion":1,"startTime":20.8856915,"screenSize":{"x":2132,"y":1199},"position":{"x":1100,"y":617},"worldPosition":null,"leftButton":true,"middleButton":false,"rightButton":false,"forwardButton":false,"backButton":false,"scroll":{"x":0,"y":0},"clickedObjectNormalizedPaths":[]},
{"apiVersion":1,"startTime":20.9022462,"screenSize":{"x":2132,"y":1199},"position":{"x":1100,"y":616},"worldPosition":null,"leftButton":true,"middleButton":false,"rightButton":false,"forwardButton":false,"backButton":false,"scroll":{"x":0,"y":0},"clickedObjectNormalizedPaths":[]},
{"apiVersion":1,"startTime":20.9097667,"screenSize":{"x":2132,"y":1199},"position":{"x":1100,"y":615},"worldPosition":null,"leftButton":true,"middleButton":false,"rightButton":false,"forwardButton":false,"backButton":false,"scroll":{"x":0,"y":0},"clickedObjectNormalizedPaths":[]},
{"apiVersion":1,"startTime":21.1104719,"screenSize":{"x":2132,"y":1199},"position":{"x":1100,"y":616},"worldPosition":null,"leftButton":false,"middleButton":false,"rightButton":false,"forwardButton":false,"backButton":false,"scroll":{"x":0,"y":0},"clickedObjectNormalizedPaths":["UI Canvas/ProfilePopup/ProfilesPanel/Viewport","UI Canvas/Title","UI Canvas/ProfilePopup/Image","UI Canvas/ProfilePopup","UI Canvas/ProfilePopup/ProfilesPanel/Viewport/EmptyProfileList"]},
{"apiVersion":1,"startTime":21.6350468,"screenSize":{"x":2132,"y":1199},"position":{"x":1100,"y":619},"worldPosition":null,"leftButton":false,"middleButton":false,"rightButton":false,"forwardButton":false,"backButton":false,"scroll":{"x":0,"y":0},"clickedObjectNormalizedPaths":[]},
{"apiVersion":1,"startTime":21.6428697,"screenSize":{"x":2132,"y":1199},"position":{"x":1100,"y":622},"worldPosition":null,"leftButton":false,"middleButton":false,"rightButton":false,"forwardButton":false,"backButton":false,"scroll":{"x":0,"y":0},"clickedObjectNormalizedPaths":[]},
{"apiVersion":1,"startTime":21.6515780,"screenSize":{"x":2132,"y":1199},"position":{"x":1100,"y":630},"worldPosition":null,"leftButton":false,"middleButton":false,"rightButton":false,"forwardButton":false,"backButton":false,"scroll":{"x":0,"y":0},"clickedObjectNormalizedPaths":[]},
{"apiVersion":1,"startTime":21.6599619,"screenSize":{"x":2132,"y":1199},"position":{"x":1100,"y":635},"worldPosition":null,"leftButton":false,"middleButton":false,"rightButton":false,"forwardButton":false,"backButton":false,"scroll":{"x":0,"y":0},"clickedObjectNormalizedPaths":[]},
{"apiVersion":1,"startTime":21.6682853,"screenSize":{"x":2132,"y":1199},"position":{"x":1100,"y":641},"worldPosition":null,"leftButton":false,"middleButton":false,"rightButton":false,"forwardButton":false,"backButton":false,"scroll":{"x":0,"y":0},"clickedObjectNormalizedPaths":[]},
{"apiVersion":1,"startTime":21.6768555,"screenSize":{"x":2132,"y":1199},"position":{"x":1100,"y":648},"worldPosition":null,"leftButton":false,"middleButton":false,"rightButton":false,"forwardButton":false,"backButton":false,"scroll":{"x":0,"y":0},"clickedObjectNormalizedPaths":[]},
{"apiVersion":1,"startTime":21.6854795,"screenSize":{"x":2132,"y":1199},"position":{"x":1099,"y":661},"worldPosition":null,"leftButton":false,"middleButton":false,"rightButton":false,"forwardButton":false,"backButton":false,"scroll":{"x":0,"y":0},"clickedObjectNormalizedPaths":[]},
{"apiVersion":1,"startTime":21.6938496,"screenSize":{"x":2132,"y":1199},"position":{"x":1097,"y":673},"worldPosition":null,"leftButton":false,"middleButton":false,"rightButton":false,"forwardButton":false,"backButton":false,"scroll":{"x":0,"y":0},"clickedObjectNormalizedPaths":[]},
{"apiVersion":1,"startTime":21.7022265,"screenSize":{"x":2132,"y":1199},"position":{"x":1097,"y":678},"worldPosition":null,"leftButton":false,"middleButton":false,"rightButton":false,"forwardButton":false,"backButton":false,"scroll":{"x":0,"y":0},"clickedObjectNormalizedPaths":[]},
{"apiVersion":1,"startTime":21.7102970,"screenSize":{"x":2132,"y":1199},"position":{"x":1096,"y":690},"worldPosition":null,"leftButton":false,"middleButton":false,"rightButton":false,"forwardButton":false,"backButton":false,"scroll":{"x":0,"y":0},"clickedObjectNormalizedPaths":[]},
{"apiVersion":1,"startTime":21.7267548,"screenSize":{"x":2132,"y":1199},"position":{"x":1096,"y":693},"worldPosition":null,"leftButton":false,"middleButton":false,"rightButton":false,"forwardButton":false,"backButton":false,"scroll":{"x":0,"y":0},"clickedObjectNormalizedPaths":[]},
{"apiVersion":1,"startTime":21.7350547,"screenSize":{"x":2132,"y":1199},"position":{"x":1095,"y":700},"worldPosition":null,"leftButton":false,"middleButton":false,"rightButton":false,"forwardButton":false,"backButton":false,"scroll":{"x":0,"y":0},"clickedObjectNormalizedPaths":[]},
{"apiVersion":1,"startTime":21.7433499,"screenSize":{"x":2132,"y":1199},"position":{"x":1095,"y":707},"worldPosition":null,"leftButton":false,"middleButton":false,"rightButton":false,"forwardButton":false,"backButton":false,"scroll":{"x":0,"y":0},"clickedObjectNormalizedPaths":[]},
{"apiVersion":1,"startTime":21.7517366,"screenSize":{"x":2132,"y":1199},"position":{"x":1094,"y":713},"worldPosition":null,"leftButton":false,"middleButton":false,"rightButton":false,"forwardButton":false,"backButton":false,"scroll":{"x":0,"y":0},"clickedObjectNormalizedPaths":[]},
{"apiVersion":1,"startTime":21.7604530,"screenSize":{"x":2132,"y":1199},"position":{"x":1093,"y":719},"worldPosition":null,"leftButton":false,"middleButton":false,"rightButton":false,"forwardButton":false,"backButton":false,"scroll":{"x":0,"y":0},"clickedObjectNormalizedPaths":[]},
{"apiVersion":1,"startTime":21.7687486,"screenSize":{"x":2132,"y":1199},"position":{"x":1092,"y":734},"worldPosition":null,"leftButton":false,"middleButton":false,"rightButton":false,"forwardButton":false,"backButton":false,"scroll":{"x":0,"y":0},"clickedObjectNormalizedPaths":[]},
{"apiVersion":1,"startTime":21.7766706,"screenSize":{"x":2132,"y":1199},"position":{"x":1091,"y":742},"worldPosition":null,"leftButton":false,"middleButton":false,"rightButton":false,"forwardButton":false,"backButton":false,"scroll":{"x":0,"y":0},"clickedObjectNormalizedPaths":[]},
{"apiVersion":1,"startTime":21.7850665,"screenSize":{"x":2132,"y":1199},"position":{"x":1091,"y":749},"worldPosition":null,"leftButton":false,"middleButton":false,"rightButton":false,"forwardButton":false,"backButton":false,"scroll":{"x":0,"y":0},"clickedObjectNormalizedPaths":[]},
{"apiVersion":1,"startTime":21.8017524,"screenSize":{"x":2132,"y":1199},"position":{"x":1091,"y":752},"worldPosition":null,"leftButton":false,"middleButton":false,"rightButton":false,"forwardButton":false,"backButton":false,"scroll":{"x":0,"y":0},"clickedObjectNormalizedPaths":[]},
{"apiVersion":1,"startTime":21.8100412,"screenSize":{"x":2132,"y":1199},"position":{"x":1090,"y":759},"worldPosition":null,"leftButton":false,"middleButton":false,"rightButton":false,"forwardButton":false,"backButton":false,"scroll":{"x":0,"y":0},"clickedObjectNormalizedPaths":[]},
{"apiVersion":1,"startTime":21.8201159,"screenSize":{"x":2132,"y":1199},"position":{"x":1090,"y":764},"worldPosition":null,"leftButton":false,"middleButton":false,"rightButton":false,"forwardButton":false,"backButton":false,"scroll":{"x":0,"y":0},"clickedObjectNormalizedPaths":[]},
{"apiVersion":1,"startTime":21.8279913,"screenSize":{"x":2132,"y":1199},"position":{"x":1090,"y":776},"worldPosition":null,"leftButton":false,"middleButton":false,"rightButton":false,"forwardButton":false,"backButton":false,"scroll":{"x":0,"y":0},"clickedObjectNormalizedPaths":[]},
{"apiVersion":1,"startTime":21.8353552,"screenSize":{"x":2132,"y":1199},"position":{"x":1090,"y":780},"worldPosition":null,"leftButton":false,"middleButton":false,"rightButton":false,"forwardButton":false,"backButton":false,"scroll":{"x":0,"y":0},"clickedObjectNormalizedPaths":[]},
{"apiVersion":1,"startTime":21.8428027,"screenSize":{"x":2132,"y":1199},"position":{"x":1089,"y":784},"worldPosition":null,"leftButton":false,"middleButton":false,"rightButton":false,"forwardButton":false,"backButton":false,"scroll":{"x":0,"y":0},"clickedObjectNormalizedPaths":[]},
{"apiVersion":1,"startTime":21.8519338,"screenSize":{"x":2132,"y":1199},"position":{"x":1089,"y":789},"worldPosition":null,"leftButton":false,"middleButton":false,"rightButton":false,"forwardButton":false,"backButton":false,"scroll":{"x":0,"y":0},"clickedObjectNormalizedPaths":[]},
{"apiVersion":1,"startTime":21.8598522,"screenSize":{"x":2132,"y":1199},"position":{"x":1089,"y":793},"worldPosition":null,"leftButton":false,"middleButton":false,"rightButton":false,"forwardButton":false,"backButton":false,"scroll":{"x":0,"y":0},"clickedObjectNormalizedPaths":[]},
{"apiVersion":1,"startTime":21.8684851,"screenSize":{"x":2132,"y":1199},"position":{"x":1089,"y":797},"worldPosition":null,"leftButton":false,"middleButton":false,"rightButton":false,"forwardButton":false,"backButton":false,"scroll":{"x":0,"y":0},"clickedObjectNormalizedPaths":[]},
{"apiVersion":1,"startTime":21.8761420,"screenSize":{"x":2132,"y":1199},"position":{"x":1089,"y":803},"worldPosition":null,"leftButton":false,"middleButton":false,"rightButton":false,"forwardButton":false,"backButton":false,"scroll":{"x":0,"y":0},"clickedObjectNormalizedPaths":[]},
{"apiVersion":1,"startTime":21.8856827,"screenSize":{"x":2132,"y":1199},"position":{"x":1089,"y":807},"worldPosition":null,"leftButton":false,"middleButton":false,"rightButton":false,"forwardButton":false,"backButton":false,"scroll":{"x":0,"y":0},"clickedObjectNormalizedPaths":[]},
{"apiVersion":1,"startTime":21.8933496,"screenSize":{"x":2132,"y":1199},"position":{"x":1089,"y":813},"worldPosition":null,"leftButton":false,"middleButton":false,"rightButton":false,"forwardButton":false,"backButton":false,"scroll":{"x":0,"y":0},"clickedObjectNormalizedPaths":[]},
{"apiVersion":1,"startTime":21.9021446,"screenSize":{"x":2132,"y":1199},"position":{"x":1089,"y":818},"worldPosition":null,"leftButton":false,"middleButton":false,"rightButton":false,"forwardButton":false,"backButton":false,"scroll":{"x":0,"y":0},"clickedObjectNormalizedPaths":[]},
{"apiVersion":1,"startTime":21.9095496,"screenSize":{"x":2132,"y":1199},"position":{"x":1089,"y":822},"worldPosition":null,"leftButton":false,"middleButton":false,"rightButton":false,"forwardButton":false,"backButton":false,"scroll":{"x":0,"y":0},"clickedObjectNormalizedPaths":[]},
{"apiVersion":1,"startTime":21.9184557,"screenSize":{"x":2132,"y":1199},"position":{"x":1089,"y":828},"worldPosition":null,"leftButton":false,"middleButton":false,"rightButton":false,"forwardButton":false,"backButton":false,"scroll":{"x":0,"y":0},"clickedObjectNormalizedPaths":[]},
{"apiVersion":1,"startTime":21.9270566,"screenSize":{"x":2132,"y":1199},"position":{"x":1089,"y":832},"worldPosition":null,"leftButton":false,"middleButton":false,"rightButton":false,"forwardButton":false,"backButton":false,"scroll":{"x":0,"y":0},"clickedObjectNormalizedPaths":[]},
{"apiVersion":1,"startTime":21.9349665,"screenSize":{"x":2132,"y":1199},"position":{"x":1089,"y":837},"worldPosition":null,"leftButton":false,"middleButton":false,"rightButton":false,"forwardButton":false,"backButton":false,"scroll":{"x":0,"y":0},"clickedObjectNormalizedPaths":[]},
{"apiVersion":1,"startTime":21.9433698,"screenSize":{"x":2132,"y":1199},"position":{"x":1089,"y":840},"worldPosition":null,"leftButton":false,"middleButton":false,"rightButton":false,"forwardButton":false,"backButton":false,"scroll":{"x":0,"y":0},"clickedObjectNormalizedPaths":[]},
{"apiVersion":1,"startTime":21.9516687,"screenSize":{"x":2132,"y":1199},"position":{"x":1089,"y":844},"worldPosition":null,"leftButton":false,"middleButton":false,"rightButton":false,"forwardButton":false,"backButton":false,"scroll":{"x":0,"y":0},"clickedObjectNormalizedPaths":[]},
{"apiVersion":1,"startTime":21.9603382,"screenSize":{"x":2132,"y":1199},"position":{"x":1089,"y":847},"worldPosition":null,"leftButton":false,"middleButton":false,"rightButton":false,"forwardButton":false,"backButton":false,"scroll":{"x":0,"y":0},"clickedObjectNormalizedPaths":[]},
{"apiVersion":1,"startTime":21.9686592,"screenSize":{"x":2132,"y":1199},"position":{"x":1089,"y":850},"worldPosition":null,"leftButton":false,"middleButton":false,"rightButton":false,"forwardButton":false,"backButton":false,"scroll":{"x":0,"y":0},"clickedObjectNormalizedPaths":[]},
{"apiVersion":1,"startTime":21.9766652,"screenSize":{"x":2132,"y":1199},"position":{"x":1089,"y":854},"worldPosition":null,"leftButton":false,"middleButton":false,"rightButton":false,"forwardButton":false,"backButton":false,"scroll":{"x":0,"y":0},"clickedObjectNormalizedPaths":[]},
{"apiVersion":1,"startTime":21.9853743,"screenSize":{"x":2132,"y":1199},"position":{"x":1089,"y":858},"worldPosition":null,"leftButton":false,"middleButton":false,"rightButton":false,"forwardButton":false,"backButton":false,"scroll":{"x":0,"y":0},"clickedObjectNormalizedPaths":[]},
{"apiVersion":1,"startTime":21.9937704,"screenSize":{"x":2132,"y":1199},"position":{"x":1089,"y":861},"worldPosition":null,"leftButton":false,"middleButton":false,"rightButton":false,"forwardButton":false,"backButton":false,"scroll":{"x":0,"y":0},"clickedObjectNormalizedPaths":[]},
{"apiVersion":1,"startTime":22.0017715,"screenSize":{"x":2132,"y":1199},"position":{"x":1089,"y":863},"worldPosition":null,"leftButton":false,"middleButton":false,"rightButton":false,"forwardButton":false,"backButton":false,"scroll":{"x":0,"y":0},"clickedObjectNormalizedPaths":[]},
{"apiVersion":1,"startTime":22.0101592,"screenSize":{"x":2132,"y":1199},"position":{"x":1089,"y":866},"worldPosition":null,"leftButton":false,"middleButton":false,"rightButton":false,"forwardButton":false,"backButton":false,"scroll":{"x":0,"y":0},"clickedObjectNormalizedPaths":[]},
{"apiVersion":1,"startTime":22.0187872,"screenSize":{"x":2132,"y":1199},"position":{"x":1089,"y":869},"worldPosition":null,"leftButton":false,"middleButton":false,"rightButton":false,"forwardButton":false,"backButton":false,"scroll":{"x":0,"y":0},"clickedObjectNormalizedPaths":[]},
{"apiVersion":1,"startTime":22.0269516,"screenSize":{"x":2132,"y":1199},"position":{"x":1089,"y":871},"worldPosition":null,"leftButton":false,"middleButton":false,"rightButton":false,"forwardButton":false,"backButton":false,"scroll":{"x":0,"y":0},"clickedObjectNormalizedPaths":[]},
{"apiVersion":1,"startTime":22.0349601,"screenSize":{"x":2132,"y":1199},"position":{"x":1089,"y":874},"worldPosition":null,"leftButton":false,"middleButton":false,"rightButton":false,"forwardButton":false,"backButton":false,"scroll":{"x":0,"y":0},"clickedObjectNormalizedPaths":[]},
{"apiVersion":1,"startTime":22.0434480,"screenSize":{"x":2132,"y":1199},"position":{"x":1089,"y":876},"worldPosition":null,"leftButton":false,"middleButton":false,"rightButton":false,"forwardButton":false,"backButton":false,"scroll":{"x":0,"y":0},"clickedObjectNormalizedPaths":[]},
{"apiVersion":1,"startTime":22.0520816,"screenSize":{"x":2132,"y":1199},"position":{"x":1089,"y":878},"worldPosition":null,"leftButton":false,"middleButton":false,"rightButton":false,"forwardButton":false,"backButton":false,"scroll":{"x":0,"y":0},"clickedObjectNormalizedPaths":[]},
{"apiVersion":1,"startTime":22.0601914,"screenSize":{"x":2132,"y":1199},"position":{"x":1089,"y":880},"worldPosition":null,"leftButton":false,"middleButton":false,"rightButton":false,"forwardButton":false,"backButton":false,"scroll":{"x":0,"y":0},"clickedObjectNormalizedPaths":[]},
{"apiVersion":1,"startTime":22.0687842,"screenSize":{"x":2132,"y":1199},"position":{"x":1089,"y":881},"worldPosition":null,"leftButton":false,"middleButton":false,"rightButton":false,"forwardButton":false,"backButton":false,"scroll":{"x":0,"y":0},"clickedObjectNormalizedPaths":[]},
{"apiVersion":1,"startTime":22.0766860,"screenSize":{"x":2132,"y":1199},"position":{"x":1089,"y":882},"worldPosition":null,"leftButton":false,"middleButton":false,"rightButton":false,"forwardButton":false,"backButton":false,"scroll":{"x":0,"y":0},"clickedObjectNormalizedPaths":[]},
{"apiVersion":1,"startTime":22.0849453,"screenSize":{"x":2132,"y":1199},"position":{"x":1089,"y":883},"worldPosition":null,"leftButton":false,"middleButton":false,"rightButton":false,"forwardButton":false,"backButton":false,"scroll":{"x":0,"y":0},"clickedObjectNormalizedPaths":[]},
{"apiVersion":1,"startTime":22.1022798,"screenSize":{"x":2132,"y":1199},"position":{"x":1089,"y":884},"worldPosition":null,"leftButton":false,"middleButton":false,"rightButton":false,"forwardButton":false,"backButton":false,"scroll":{"x":0,"y":0},"clickedObjectNormalizedPaths":[]},
{"apiVersion":1,"startTime":22.3518835,"screenSize":{"x":2132,"y":1199},"position":{"x":1089,"y":884},"worldPosition":null,"leftButton":true,"middleButton":false,"rightButton":false,"forwardButton":false,"backButton":false,"scroll":{"x":0,"y":0},"clickedObjectNormalizedPaths":["UI Canvas/ProfilePopup/ProfilesPanel/Viewport","UI Canvas/Title","UI Canvas/ProfilePopup/ProfilesPanel/Viewport/ProfileList/ProfileListItemUI Prototype/Select Profile Button","UI Canvas/ProfilePopup/Image","UI Canvas/ProfilePopup","UI Canvas/ProfilePopup/ProfilesPanel/Viewport/ProfileList/ProfileListItemUI Prototype","UI Canvas/ProfilePopup/ProfilesPanel/Viewport/ProfileList/ProfileListItemUI Prototype/Select Profile Button/ProfileNameLabel"]},
{"apiVersion":1,"startTime":23.3170010,"screenSize":{"x":2132,"y":1199},"position":{"x":1090,"y":884},"worldPosition":null,"leftButton":false,"middleButton":false,"rightButton":false,"forwardButton":false,"backButton":false,"scroll":{"x":0,"y":0},"clickedObjectNormalizedPaths":["UI Canvas/Title"]}
]
}
}}}