{
"name":null,
"description":null,
"sessionId":"003b138189aa463898a47786c2949fda",
"apiVersion":15,
"endCriteria":[
{"type":"NormalizedPath","apiVersion":7,"transient":true,"data":{"path":"UI Canvas/Lobby Start Button/Text","apiVersion":1,"removedCount":0,"addedCount":0,"count":1,"countRule":"NonZero"}},
{"type":"NormalizedPath","apiVersion":7,"transient":true,"data":{"path":"UI Canvas/UnityLogo/Room8Logo","apiVersion":1,"removedCount":0,"addedCount":0,"count":1,"countRule":"NonZero"}},
{"type":"NormalizedPath","apiVersion":7,"transient":true,"data":{"path":"SettingsPanelCanvas/SettingsPanel/Close Button","apiVersion":1,"removedCount":0,"addedCount":1,"count":1,"countRule":"NonZero"}},
{"type":"NormalizedPath","apiVersion":7,"transient":true,"data":{"path":"SettingsPanelCanvas/SettingsPanel/SettingsLabel","apiVersion":1,"removedCount":0,"addedCount":1,"count":1,"countRule":"NonZero"}},
{"type":"NormalizedPath","apiVersion":7,"transient":true,"data":{"path":"UI Canvas/UnityLogo/JHLogo","apiVersion":1,"removedCount":0,"addedCount":0,"count":1,"countRule":"NonZero"}},
{"type":"NormalizedPath","apiVersion":7,"transient":true,"data":{"path":"UI Canvas/Title","apiVersion":1,"removedCount":0,"addedCount":0,"count":1,"countRule":"NonZero"}},
{"type":"NormalizedPath","apiVersion":7,"transient":true,"data":{"path":"UI Canvas/UnityLogo","apiVersion":1,"removedCount":0,"addedCount":0,"count":1,"countRule":"NonZero"}},
{"type":"NormalizedPath","apiVersion":7,"transient":true,"data":{"path":"SettingsPanelCanvas/Settings Button","apiVersion":1,"removedCount":0,"addedCount":0,"count":1,"countRule":"NonZero"}},
{"type":"NormalizedPath","apiVersion":7,"transient":true,"data":{"path":"SettingsPanelCanvas/SettingsPanel/MasterVolume/Label","apiVersion":1,"removedCount":0,"addedCount":1,"count":1,"countRule":"NonZero"}},
{"type":"NormalizedPath","apiVersion":7,"transient":true,"data":{"path":"SettingsPanelCanvas/Quit Button","apiVersion":1,"removedCount":0,"addedCount":0,"count":1,"countRule":"NonZero"}},
{"type":"NormalizedPath","apiVersion":7,"transient":true,"data":{"path":"SettingsPanelCanvas/SettingsPanel/MasterVolume/Fill Area/Fill","apiVersion":1,"removedCount":0,"addedCount":1,"count":1,"countRule":"NonZero"}},
{"type":"NormalizedPath","apiVersion":7,"transient":true,"data":{"path":"SettingsPanelCanvas/SettingsPanel/MasterVolume/Handle Slide Area/Handle","apiVersion":1,"removedCount":0,"addedCount":1,"count":1,"countRule":"NonZero"}},
{"type":"NormalizedPath","apiVersion":7,"transient":true,"data":{"path":"SettingsPanelCanvas/SettingsPanel","apiVersion":1,"removedCount":0,"addedCount":1,"count":1,"countRule":"NonZero"}},
{"type":"NormalizedPath","apiVersion":7,"transient":true,"data":{"path":"SettingsPanelCanvas/SettingsPanel/MusicVolume/Fill Area/Fill","apiVersion":1,"removedCount":0,"addedCount":1,"count":1,"countRule":"NonZero"}},
{"type":"NormalizedPath","apiVersion":7,"transient":true,"data":{"path":"SettingsPanelCanvas/SettingsPanel/Settings Button/Text","apiVersion":1,"removedCount":0,"addedCount":1,"count":1,"countRule":"NonZero"}},
{"type":"NormalizedPath","apiVersion":7,"transient":true,"data":{"path":"UI Canvas/Profile Button/Text","apiVersion":1,"removedCount":0,"addedCount":0,"count":1,"countRule":"NonZero"}},
{"type":"NormalizedPath","apiVersion":7,"transient":true,"data":{"path":"UI Canvas/UnityLogo/SFLogo","apiVersion":1,"removedCount":0,"addedCount":0,"count":1,"countRule":"NonZero"}},
{"type":"NormalizedPath","apiVersion":7,"transient":true,"data":{"path":"UI Canvas/UnityLogo/UnityLogo","apiVersion":1,"removedCount":0,"addedCount":0,"count":1,"countRule":"NonZero"}},
{"type":"NormalizedPath","apiVersion":7,"transient":true,"data":{"path":"SettingsPanelCanvas/SettingsPanel/MusicVolume/Handle Slide Area/Handle","apiVersion":1,"removedCount":0,"addedCount":1,"count":1,"countRule":"NonZero"}},
{"type":"NormalizedPath","apiVersion":7,"transient":true,"data":{"path":"UI Canvas/Lobby Start Button","apiVersion":1,"removedCount":0,"addedCount":0,"count":1,"countRule":"NonZero"}},
{"type":"NormalizedPath","apiVersion":7,"transient":true,"data":{"path":"SettingsPanelCanvas/SettingsPanel/MusicVolume/Label","apiVersion":1,"removedCount":0,"addedCount":1,"count":1,"countRule":"NonZero"}},
{"type":"NormalizedPath","apiVersion":7,"transient":true,"data":{"path":"UI Canvas/IP Start Button","apiVersion":1,"removedCount":0,"addedCount":0,"count":1,"countRule":"NonZero"}},
{"type":"NormalizedPath","apiVersion":7,"transient":true,"data":{"path":"SettingsPanelCanvas/SettingsPanel/MusicVolume/Background","apiVersion":1,"removedCount":0,"addedCount":1,"count":1,"countRule":"NonZero"}},
{"type":"NormalizedPath","apiVersion":7,"transient":true,"data":{"path":"SettingsPanelCanvas/SettingsPanel/MasterVolume/Background","apiVersion":1,"removedCount":0,"addedCount":1,"count":1,"countRule":"NonZero"}},
{"type":"NormalizedPath","apiVersion":7,"transient":true,"data":{"path":"UI Canvas/Profile Button","apiVersion":1,"removedCount":0,"addedCount":0,"count":1,"countRule":"NonZero"}},
{"type":"NormalizedPath","apiVersion":7,"transient":true,"data":{"path":"SettingsPanelCanvas/SettingsPanel/Settings Button","apiVersion":1,"removedCount":0,"addedCount":1,"count":1,"countRule":"NonZero"}},
{"type":"NormalizedPath","apiVersion":7,"transient":true,"data":{"path":"UI Canvas/IP Start Button/Text","apiVersion":1,"removedCount":0,"addedCount":0,"count":1,"countRule":"NonZero"}},
{"type":"NormalizedPath","apiVersion":7,"transient":true,"data":{"path":"CharSel_Background/wall1_top_straight_2","apiVersion":1,"removedCount":0,"addedCount":0,"count":9,"countRule":"NonZero"}},
{"type":"NormalizedPath","apiVersion":7,"transient":true,"data":{"path":"CharSel_Background/wall1_base_straight_1","apiVersion":1,"removedCount":0,"addedCount":0,"count":2,"countRule":"NonZero"}},
{"type":"NormalizedPath","apiVersion":7,"transient":true,"data":{"path":"CharSel_Background/env_floor1","apiVersion":1,"removedCount":0,"addedCount":0,"count":8,"countRule":"NonZero"}},
{"type":"NormalizedPath","apiVersion":7,"transient":true,"data":{"path":"CharSel_Background/wall1_top_straight_1","apiVersion":1,"removedCount":0,"addedCount":0,"count":3,"countRule":"NonZero"}},
{"type":"NormalizedPath","apiVersion":7,"transient":true,"data":{"path":"CharSel_Background/env_pebbles","apiVersion":1,"removedCount":0,"addedCount":0,"count":2,"countRule":"NonZero"}},
{"type":"NormalizedPath","apiVersion":7,"transient":true,"data":{"path":"CharSel_Background/env_roots/env_roots_LOD1","apiVersion":1,"removedCount":0,"addedCount":0,"count":2,"countRule":"NonZero"}},
{"type":"NormalizedPath","apiVersion":7,"transient":true,"data":{"path":"CharSel_Background/env_door_boss_head","apiVersion":1,"removedCount":0,"addedCount":0,"count":2,"countRule":"NonZero"}},
{"type":"NormalizedPath","apiVersion":7,"transient":true,"data":{"path":"CharSel_Background/wall1_base_straight_2","apiVersion":1,"removedCount":0,"addedCount":0,"count":2,"countRule":"NonZero"}},
{"type":"NormalizedPath","apiVersion":7,"transient":true,"data":{"path":"CharSel_Background/env_roots","apiVersion":1,"removedCount":0,"addedCount":0,"count":2,"countRule":"NonZero"}},
{"type":"NormalizedPath","apiVersion":7,"transient":true,"data":{"path":"CharSel_Background/env_floor2","apiVersion":1,"removedCount":0,"addedCount":0,"count":4,"countRule":"NonZero"}},
{"type":"NormalizedPath","apiVersion":7,"transient":true,"data":{"path":"CharSel_Background/env_barrier/env_barrier_LOD1","apiVersion":1,"removedCount":0,"addedCount":0,"count":1,"countRule":"NonZero"}},
{"type":"NormalizedPath","apiVersion":7,"transient":true,"data":{"path":"CharSel_Background/env_torch","apiVersion":1,"removedCount":0,"addedCount":0,"count":2,"countRule":"NonZero"}},
{"type":"NormalizedPath","apiVersion":7,"transient":true,"data":{"path":"CharSel_Background/env_Door/env_DoorLOD","apiVersion":1,"removedCount":0,"addedCount":0,"count":1,"countRule":"NonZero"}},
{"type":"NormalizedPath","apiVersion":7,"transient":true,"data":{"path":"CharSel_Background/env_Door","apiVersion":1,"removedCount":0,"addedCount":0,"count":1,"countRule":"NonZero"}},
{"type":"NormalizedPath","apiVersion":7,"transient":true,"data":{"path":"CharSel_Background/env_barrier","apiVersion":1,"removedCount":0,"addedCount":0,"count":1,"countRule":"NonZero"}},
{"type":"NormalizedPath","apiVersion":7,"transient":true,"data":{"path":"CharSel_Background/env_spiderweb_1","apiVersion":1,"removedCount":0,"addedCount":0,"count":1,"countRule":"NonZero"}},
{"type":"NormalizedPath","apiVersion":7,"transient":true,"data":{"path":"CharSel_Background/env_rock","apiVersion":1,"removedCount":0,"addedCount":0,"count":2,"countRule":"NonZero"}},
{"type":"NormalizedPath","apiVersion":7,"transient":true,"data":{"path":"CharSel_Background/FX_Torch_Fire/Fire","apiVersion":1,"removedCount":0,"addedCount":0,"count":2,"countRule":"NonZero"}},
{"type":"NormalizedPath","apiVersion":7,"transient":true,"data":{"path":"CharSel_Background/FX_Torch_Fire/Points","apiVersion":1,"removedCount":0,"addedCount":0,"count":2,"countRule":"NonZero"}},
{"type":"NormalizedPath","apiVersion":7,"transient":true,"data":{"path":"CharSel_Background/FX_Torch_Fire/Smoke","apiVersion":1,"removedCount":0,"addedCount":0,"count":2,"countRule":"NonZero"}}
],
"botAction":{"type":"InputPlayback","apiVersion":1,"data":{
"apiVersion":1,
"startTime":23.3170010,
"inputData":{
"apiVersion":1,
"keyboard":[

],
"mouse":[
{"apiVersion":1,"startTime":24.1613546,"screenSize":{"x":2132,"y":1199},"position":{"x":1092,"y":884},"worldPosition":null,"leftButton":false,"middleButton":false,"rightButton":false,"forwardButton":false,"backButton":false,"scroll":{"x":0,"y":0},"clickedObjectNormalizedPaths":[]},
{"apiVersion":1,"startTime":24.1712813,"screenSize":{"x":2132,"y":1199},"position":{"x":1098,"y":884},"worldPosition":null,"leftButton":false,"middleButton":false,"rightButton":false,"forwardButton":false,"backButton":false,"scroll":{"x":0,"y":0},"clickedObjectNormalizedPaths":[]},
{"apiVersion":1,"startTime":24.1785844,"screenSize":{"x":2132,"y":1199},"position":{"x":1103,"y":884},"worldPosition":null,"leftButton":false,"middleButton":false,"rightButton":false,"forwardButton":false,"backButton":false,"scroll":{"x":0,"y":0},"clickedObjectNormalizedPaths":[]},
{"apiVersion":1,"startTime":24.1860800,"screenSize":{"x":2132,"y":1199},"position":{"x":1112,"y":883},"worldPosition":null,"leftButton":false,"middleButton":false,"rightButton":false,"forwardButton":false,"backButton":false,"scroll":{"x":0,"y":0},"clickedObjectNormalizedPaths":[]},
{"apiVersion":1,"startTime":24.1946513,"screenSize":{"x":2132,"y":1199},"position":{"x":1121,"y":881},"worldPosition":null,"leftButton":false,"middleButton":false,"rightButton":false,"forwardButton":false,"backButton":false,"scroll":{"x":0,"y":0},"clickedObjectNormalizedPaths":[]},
{"apiVersion":1,"startTime":24.2029583,"screenSize":{"x":2132,"y":1199},"position":{"x":1130,"y":880},"worldPosition":null,"leftButton":false,"middleButton":false,"rightButton":false,"forwardButton":false,"backButton":false,"scroll":{"x":0,"y":0},"clickedObjectNormalizedPaths":[]},
{"apiVersion":1,"startTime":24.2114479,"screenSize":{"x":2132,"y":1199},"position":{"x":1140,"y":879},"worldPosition":null,"leftButton":false,"middleButton":false,"rightButton":false,"forwardButton":false,"backButton":false,"scroll":{"x":0,"y":0},"clickedObjectNormalizedPaths":[]},
{"apiVersion":1,"startTime":24.2198866,"screenSize":{"x":2132,"y":1199},"position":{"x":1153,"y":878},"worldPosition":null,"leftButton":false,"middleButton":false,"rightButton":false,"forwardButton":false,"backButton":false,"scroll":{"x":0,"y":0},"clickedObjectNormalizedPaths":[]},
{"apiVersion":1,"startTime":24.2281311,"screenSize":{"x":2132,"y":1199},"position":{"x":1163,"y":877},"worldPosition":null,"leftButton":false,"middleButton":false,"rightButton":false,"forwardButton":false,"backButton":false,"scroll":{"x":0,"y":0},"clickedObjectNormalizedPaths":[]},
{"apiVersion":1,"startTime":24.2364480,"screenSize":{"x":2132,"y":1199},"position":{"x":1176,"y":875},"worldPosition":null,"leftButton":false,"middleButton":false,"rightButton":false,"forwardButton":false,"backButton":false,"scroll":{"x":0,"y":0},"clickedObjectNormalizedPaths":[]},
{"apiVersion":1,"startTime":24.2452727,"screenSize":{"x":2132,"y":1199},"position":{"x":1189,"y":874},"worldPosition":null,"leftButton":false,"middleButton":false,"rightButton":false,"forwardButton":false,"backButton":false,"scroll":{"x":0,"y":0},"clickedObjectNormalizedPaths":[]},
{"apiVersion":1,"startTime":24.2527538,"screenSize":{"x":2132,"y":1199},"position":{"x":1203,"y":873},"worldPosition":null,"leftButton":false,"middleButton":false,"rightButton":false,"forwardButton":false,"backButton":false,"scroll":{"x":0,"y":0},"clickedObjectNormalizedPaths":[]},
{"apiVersion":1,"startTime":24.2614640,"screenSize":{"x":2132,"y":1199},"position":{"x":1218,"y":873},"worldPosition":null,"leftButton":false,"middleButton":false,"rightButton":false,"forwardButton":false,"backButton":false,"scroll":{"x":0,"y":0},"clickedObjectNormalizedPaths":[]},
{"apiVersion":1,"startTime":24.2694722,"screenSize":{"x":2132,"y":1199},"position":{"x":1235,"y":873},"worldPosition":null,"leftButton":false,"middleButton":false,"rightButton":false,"forwardButton":false,"backButton":false,"scroll":{"x":0,"y":0},"clickedObjectNormalizedPaths":[]},
{"apiVersion":1,"startTime":24.2777643,"screenSize":{"x":2132,"y":1199},"position":{"x":1266,"y":873},"worldPosition":null,"leftButton":false,"middleButton":false,"rightButton":false,"forwardButton":false,"backButton":false,"scroll":{"x":0,"y":0},"clickedObjectNormalizedPaths":[]},
{"apiVersion":1,"startTime":24.2863512,"screenSize":{"x":2132,"y":1199},"position":{"x":1285,"y":873},"worldPosition":null,"leftButton":false,"middleButton":false,"rightButton":false,"forwardButton":false,"backButton":false,"scroll":{"x":0,"y":0},"clickedObjectNormalizedPaths":[]},
{"apiVersion":1,"startTime":24.2949046,"screenSize":{"x":2132,"y":1199},"position":{"x":1332,"y":873},"worldPosition":null,"leftButton":false,"middleButton":false,"rightButton":false,"forwardButton":false,"backButton":false,"scroll":{"x":0,"y":0},"clickedObjectNormalizedPaths":[]},
{"apiVersion":1,"startTime":24.3034303,"screenSize":{"x":2132,"y":1199},"position":{"x":1357,"y":873},"worldPosition":null,"leftButton":false,"middleButton":false,"rightButton":false,"forwardButton":false,"backButton":false,"scroll":{"x":0,"y":0},"clickedObjectNormalizedPaths":[]},
{"apiVersion":1,"startTime":24.3198565,"screenSize":{"x":2132,"y":1199},"position":{"x":1407,"y":873},"worldPosition":null,"leftButton":false,"middleButton":false,"rightButton":false,"forwardButton":false,"backButton":false,"scroll":{"x":0,"y":0},"clickedObjectNormalizedPaths":[]},
{"apiVersion":1,"startTime":24.3278635,"screenSize":{"x":2132,"y":1199},"position":{"x":1435,"y":873},"worldPosition":null,"leftButton":false,"middleButton":false,"rightButton":false,"forwardButton":false,"backButton":false,"scroll":{"x":0,"y":0},"clickedObjectNormalizedPaths":[]},
{"apiVersion":1,"startTime":24.3365790,"screenSize":{"x":2132,"y":1199},"position":{"x":1446,"y":873},"worldPosition":null,"leftButton":false,"middleButton":false,"rightButton":false,"forwardButton":false,"backButton":false,"scroll":{"x":0,"y":0},"clickedObjectNormalizedPaths":[]},
{"apiVersion":1,"startTime":24.3448465,"screenSize":{"x":2132,"y":1199},"position":{"x":1471,"y":873},"worldPosition":null,"leftButton":false,"middleButton":false,"rightButton":false,"forwardButton":false,"backButton":false,"scroll":{"x":0,"y":0},"clickedObjectNormalizedPaths":[]},
{"apiVersion":1,"startTime":24.3611681,"screenSize":{"x":2132,"y":1199},"position":{"x":1510,"y":874},"worldPosition":null,"leftButton":false,"middleButton":false,"rightButton":false,"forwardButton":false,"backButton":false,"scroll":{"x":0,"y":0},"clickedObjectNormalizedPaths":[]},
{"apiVersion":1,"startTime":24.3698254,"screenSize":{"x":2132,"y":1199},"position":{"x":1527,"y":876},"worldPosition":null,"leftButton":false,"middleButton":false,"rightButton":false,"forwardButton":false,"backButton":false,"scroll":{"x":0,"y":0},"clickedObjectNormalizedPaths":[]},
{"apiVersion":1,"startTime":24.3783633,"screenSize":{"x":2132,"y":1199},"position":{"x":1544,"y":877},"worldPosition":null,"leftButton":false,"middleButton":false,"rightButton":false,"forwardButton":false,"backButton":false,"scroll":{"x":0,"y":0},"clickedObjectNormalizedPaths":[]},
{"apiVersion":1,"startTime":24.3944816,"screenSize":{"x":2132,"y":1199},"position":{"x":1559,"y":879},"worldPosition":null,"leftButton":false,"middleButton":false,"rightButton":false,"forwardButton":false,"backButton":false,"scroll":{"x":0,"y":0},"clickedObjectNormalizedPaths":[]},
{"apiVersion":1,"startTime":24.4023405,"screenSize":{"x":2132,"y":1199},"position":{"x":1586,"y":880},"worldPosition":null,"leftButton":false,"middleButton":false,"rightButton":false,"forwardButton":false,"backButton":false,"scroll":{"x":0,"y":0},"clickedObjectNormalizedPaths":[]},
{"apiVersion":1,"startTime":24.4115813,"screenSize":{"x":2132,"y":1199},"position":{"x":1592,"y":880},"worldPosition":null,"leftButton":false,"middleButton":false,"rightButton":false,"forwardButton":false,"backButton":false,"scroll":{"x":0,"y":0},"clickedObjectNormalizedPaths":[]},
{"apiVersion":1,"startTime":24.4188789,"screenSize":{"x":2132,"y":1199},"position":{"x":1601,"y":880},"worldPosition":null,"leftButton":false,"middleButton":false,"rightButton":false,"forwardButton":false,"backButton":false,"scroll":{"x":0,"y":0},"clickedObjectNormalizedPaths":[]},
{"apiVersion":1,"startTime":24.4282897,"screenSize":{"x":2132,"y":1199},"position":{"x":1608,"y":880},"worldPosition":null,"leftButton":false,"middleButton":false,"rightButton":false,"forwardButton":false,"backButton":false,"scroll":{"x":0,"y":0},"clickedObjectNormalizedPaths":[]},
{"apiVersion":1,"startTime":24.4361851,"screenSize":{"x":2132,"y":1199},"position":{"x":1617,"y":880},"worldPosition":null,"leftButton":false,"middleButton":false,"rightButton":false,"forwardButton":false,"backButton":false,"scroll":{"x":0,"y":0},"clickedObjectNormalizedPaths":[]},
{"apiVersion":1,"startTime":24.4447980,"screenSize":{"x":2132,"y":1199},"position":{"x":1620,"y":880},"worldPosition":null,"leftButton":false,"middleButton":false,"rightButton":false,"forwardButton":false,"backButton":false,"scroll":{"x":0,"y":0},"clickedObjectNormalizedPaths":[]},
{"apiVersion":1,"startTime":24.6779619,"screenSize":{"x":2132,"y":1199},"position":{"x":1627,"y":881},"worldPosition":null,"leftButton":false,"middleButton":false,"rightButton":false,"forwardButton":false,"backButton":false,"scroll":{"x":0,"y":0},"clickedObjectNormalizedPaths":[]},
{"apiVersion":1,"startTime":24.6947733,"screenSize":{"x":2132,"y":1199},"position":{"x":1637,"y":883},"worldPosition":null,"leftButton":false,"middleButton":false,"rightButton":false,"forwardButton":false,"backButton":false,"scroll":{"x":0,"y":0},"clickedObjectNormalizedPaths":[]},
{"apiVersion":1,"startTime":24.7033653,"screenSize":{"x":2132,"y":1199},"position":{"x":1644,"y":885},"worldPosition":null,"leftButton":false,"middleButton":false,"rightButton":false,"forwardButton":false,"backButton":false,"scroll":{"x":0,"y":0},"clickedObjectNormalizedPaths":[]},
{"apiVersion":1,"startTime":24.7114458,"screenSize":{"x":2132,"y":1199},"position":{"x":1657,"y":888},"worldPosition":null,"leftButton":false,"middleButton":false,"rightButton":false,"forwardButton":false,"backButton":false,"scroll":{"x":0,"y":0},"clickedObjectNormalizedPaths":[]},
{"apiVersion":1,"startTime":24.7209472,"screenSize":{"x":2132,"y":1199},"position":{"x":1672,"y":892},"worldPosition":null,"leftButton":false,"middleButton":false,"rightButton":false,"forwardButton":false,"backButton":false,"scroll":{"x":0,"y":0},"clickedObjectNormalizedPaths":[]},
{"apiVersion":1,"startTime":24.7281689,"screenSize":{"x":2132,"y":1199},"position":{"x":1687,"y":896},"worldPosition":null,"leftButton":false,"middleButton":false,"rightButton":false,"forwardButton":false,"backButton":false,"scroll":{"x":0,"y":0},"clickedObjectNormalizedPaths":[]},
{"apiVersion":1,"startTime":24.7363851,"screenSize":{"x":2132,"y":1199},"position":{"x":1701,"y":900},"worldPosition":null,"leftButton":false,"middleButton":false,"rightButton":false,"forwardButton":false,"backButton":false,"scroll":{"x":0,"y":0},"clickedObjectNormalizedPaths":[]},
{"apiVersion":1,"startTime":24.7444822,"screenSize":{"x":2132,"y":1199},"position":{"x":1718,"y":906},"worldPosition":null,"leftButton":false,"middleButton":false,"rightButton":false,"forwardButton":false,"backButton":false,"scroll":{"x":0,"y":0},"clickedObjectNormalizedPaths":[]},
{"apiVersion":1,"startTime":24.7538766,"screenSize":{"x":2132,"y":1199},"position":{"x":1733,"y":910},"worldPosition":null,"leftButton":false,"middleButton":false,"rightButton":false,"forwardButton":false,"backButton":false,"scroll":{"x":0,"y":0},"clickedObjectNormalizedPaths":[]},
{"apiVersion":1,"startTime":24.7613686,"screenSize":{"x":2132,"y":1199},"position":{"x":1750,"y":914},"worldPosition":null,"leftButton":false,"middleButton":false,"rightButton":false,"forwardButton":false,"backButton":false,"scroll":{"x":0,"y":0},"clickedObjectNormalizedPaths":[]},
{"apiVersion":1,"startTime":24.7690470,"screenSize":{"x":2132,"y":1199},"position":{"x":1765,"y":918},"worldPosition":null,"leftButton":false,"middleButton":false,"rightButton":false,"forwardButton":false,"backButton":false,"scroll":{"x":0,"y":0},"clickedObjectNormalizedPaths":[]},
{"apiVersion":1,"startTime":24.7781643,"screenSize":{"x":2132,"y":1199},"position":{"x":1777,"y":922},"worldPosition":null,"leftButton":false,"middleButton":false,"rightButton":false,"forwardButton":false,"backButton":false,"scroll":{"x":0,"y":0},"clickedObjectNormalizedPaths":[]},
{"apiVersion":1,"startTime":24.7884697,"screenSize":{"x":2132,"y":1199},"position":{"x":1790,"y":926},"worldPosition":null,"leftButton":false,"middleButton":false,"rightButton":false,"forwardButton":false,"backButton":false,"scroll":{"x":0,"y":0},"clickedObjectNormalizedPaths":[]},
{"apiVersion":1,"startTime":24.7951423,"screenSize":{"x":2132,"y":1199},"position":{"x":1803,"y":929},"worldPosition":null,"leftButton":false,"middleButton":false,"rightButton":false,"forwardButton":false,"backButton":false,"scroll":{"x":0,"y":0},"clickedObjectNormalizedPaths":[]},
{"apiVersion":1,"startTime":24.8030436,"screenSize":{"x":2132,"y":1199},"position":{"x":1813,"y":933},"worldPosition":null,"leftButton":false,"middleButton":false,"rightButton":false,"forwardButton":false,"backButton":false,"scroll":{"x":0,"y":0},"clickedObjectNormalizedPaths":[]},
{"apiVersion":1,"startTime":24.8199886,"screenSize":{"x":2132,"y":1199},"position":{"x":1831,"y":941},"worldPosition":null,"leftButton":false,"middleButton":false,"rightButton":false,"forwardButton":false,"backButton":false,"scroll":{"x":0,"y":0},"clickedObjectNormalizedPaths":[]},
{"apiVersion":1,"startTime":24.8281559,"screenSize":{"x":2132,"y":1199},"position":{"x":1840,"y":944},"worldPosition":null,"leftButton":false,"middleButton":false,"rightButton":false,"forwardButton":false,"backButton":false,"scroll":{"x":0,"y":0},"clickedObjectNormalizedPaths":[]},
{"apiVersion":1,"startTime":24.8363237,"screenSize":{"x":2132,"y":1199},"position":{"x":1847,"y":947},"worldPosition":null,"leftButton":false,"middleButton":false,"rightButton":false,"forwardButton":false,"backButton":false,"scroll":{"x":0,"y":0},"clickedObjectNormalizedPaths":[]},
{"apiVersion":1,"startTime":24.8445546,"screenSize":{"x":2132,"y":1199},"position":{"x":1855,"y":950},"worldPosition":null,"leftButton":false,"middleButton":false,"rightButton":false,"forwardButton":false,"backButton":false,"scroll":{"x":0,"y":0},"clickedObjectNormalizedPaths":[]},
{"apiVersion":1,"startTime":24.8525083,"screenSize":{"x":2132,"y":1199},"position":{"x":1863,"y":953},"worldPosition":null,"leftButton":false,"middleButton":false,"rightButton":false,"forwardButton":false,"backButton":false,"scroll":{"x":0,"y":0},"clickedObjectNormalizedPaths":[]},
{"apiVersion":1,"startTime":24.8616634,"screenSize":{"x":2132,"y":1199},"position":{"x":1870,"y":958},"worldPosition":null,"leftButton":false,"middleButton":false,"rightButton":false,"forwardButton":false,"backButton":false,"scroll":{"x":0,"y":0},"clickedObjectNormalizedPaths":[]},
{"apiVersion":1,"startTime":24.8690176,"screenSize":{"x":2132,"y":1199},"position":{"x":1879,"y":961},"worldPosition":null,"leftButton":false,"middleButton":false,"rightButton":false,"forwardButton":false,"backButton":false,"scroll":{"x":0,"y":0},"clickedObjectNormalizedPaths":[]},
{"apiVersion":1,"startTime":24.8777657,"screenSize":{"x":2132,"y":1199},"position":{"x":1888,"y":964},"worldPosition":null,"leftButton":false,"middleButton":false,"rightButton":false,"forwardButton":false,"backButton":false,"scroll":{"x":0,"y":0},"clickedObjectNormalizedPaths":[]},
{"apiVersion":1,"startTime":24.8862807,"screenSize":{"x":2132,"y":1199},"position":{"x":1897,"y":969},"worldPosition":null,"leftButton":false,"middleButton":false,"rightButton":false,"forwardButton":false,"backButton":false,"scroll":{"x":0,"y":0},"clickedObjectNormalizedPaths":[]},
{"apiVersion":1,"startTime":24.8947790,"screenSize":{"x":2132,"y":1199},"position":{"x":1905,"y":972},"worldPosition":null,"leftButton":false,"middleButton":false,"rightButton":false,"forwardButton":false,"backButton":false,"scroll":{"x":0,"y":0},"clickedObjectNormalizedPaths":[]},
{"apiVersion":1,"startTime":24.9021668,"screenSize":{"x":2132,"y":1199},"position":{"x":1910,"y":974},"worldPosition":null,"leftButton":false,"middleButton":false,"rightButton":false,"forwardButton":false,"backButton":false,"scroll":{"x":0,"y":0},"clickedObjectNormalizedPaths":[]},
{"apiVersion":1,"startTime":24.9112514,"screenSize":{"x":2132,"y":1199},"position":{"x":1922,"y":977},"worldPosition":null,"leftButton":false,"middleButton":false,"rightButton":false,"forwardButton":false,"backButton":false,"scroll":{"x":0,"y":0},"clickedObjectNormalizedPaths":[]},
{"apiVersion":1,"startTime":24.9199256,"screenSize":{"x":2132,"y":1199},"position":{"x":1929,"y":980},"worldPosition":null,"leftButton":false,"middleButton":false,"rightButton":false,"forwardButton":false,"backButton":false,"scroll":{"x":0,"y":0},"clickedObjectNormalizedPaths":[]},
{"apiVersion":1,"startTime":24.9281722,"screenSize":{"x":2132,"y":1199},"position":{"x":1932,"y":981},"worldPosition":null,"leftButton":false,"middleButton":false,"rightButton":false,"forwardButton":false,"backButton":false,"scroll":{"x":0,"y":0},"clickedObjectNormalizedPaths":[]},
{"apiVersion":1,"startTime":24.9365036,"screenSize":{"x":2132,"y":1199},"position":{"x":1939,"y":983},"worldPosition":null,"leftButton":false,"middleButton":false,"rightButton":false,"forwardButton":false,"backButton":false,"scroll":{"x":0,"y":0},"clickedObjectNormalizedPaths":[]},
{"apiVersion":1,"startTime":24.9446566,"screenSize":{"x":2132,"y":1199},"position":{"x":1944,"y":984},"worldPosition":null,"leftButton":false,"middleButton":false,"rightButton":false,"forwardButton":false,"backButton":false,"scroll":{"x":0,"y":0},"clickedObjectNormalizedPaths":[]},
{"apiVersion":1,"startTime":24.9527407,"screenSize":{"x":2132,"y":1199},"position":{"x":1948,"y":985},"worldPosition":null,"leftButton":false,"middleButton":false,"rightButton":false,"forwardButton":false,"backButton":false,"scroll":{"x":0,"y":0},"clickedObjectNormalizedPaths":[]},
{"apiVersion":1,"startTime":24.9611477,"screenSize":{"x":2132,"y":1199},"position":{"x":1952,"y":986},"worldPosition":null,"leftButton":false,"middleButton":false,"rightButton":false,"forwardButton":false,"backButton":false,"scroll":{"x":0,"y":0},"clickedObjectNormalizedPaths":[]},
{"apiVersion":1,"startTime":24.9699620,"screenSize":{"x":2132,"y":1199},"position":{"x":1955,"y":987},"worldPosition":null,"leftButton":false,"middleButton":false,"rightButton":false,"forwardButton":false,"backButton":false,"scroll":{"x":0,"y":0},"clickedObjectNormalizedPaths":[]},
{"apiVersion":1,"startTime":24.9780477,"screenSize":{"x":2132,"y":1199},"position":{"x":1957,"y":987},"worldPosition":null,"leftButton":false,"middleButton":false,"rightButton":false,"forwardButton":false,"backButton":false,"scroll":{"x":0,"y":0},"clickedObjectNormalizedPaths":[]},
{"apiVersion":1,"startTime":24.9863610,"screenSize":{"x":2132,"y":1199},"position":{"x":1961,"y":987},"worldPosition":null,"leftButton":false,"middleButton":false,"rightButton":false,"forwardButton":false,"backButton":false,"scroll":{"x":0,"y":0},"clickedObjectNormalizedPaths":[]},
{"apiVersion":1,"startTime":24.9946737,"screenSize":{"x":2132,"y":1199},"position":{"x":1963,"y":987},"worldPosition":null,"leftButton":false,"middleButton":false,"rightButton":false,"forwardButton":false,"backButton":false,"scroll":{"x":0,"y":0},"clickedObjectNormalizedPaths":[]},
{"apiVersion":1,"startTime":25.0032563,"screenSize":{"x":2132,"y":1199},"position":{"x":1965,"y":987},"worldPosition":null,"leftButton":false,"middleButton":false,"rightButton":false,"forwardButton":false,"backButton":false,"scroll":{"x":0,"y":0},"clickedObjectNormalizedPaths":[]},
{"apiVersion":1,"startTime":25.0114535,"screenSize":{"x":2132,"y":1199},"position":{"x":1966,"y":987},"worldPosition":null,"leftButton":false,"middleButton":false,"rightButton":false,"forwardButton":false,"backButton":false,"scroll":{"x":0,"y":0},"clickedObjectNormalizedPaths":[]},
{"apiVersion":1,"startTime":25.0195590,"screenSize":{"x":2132,"y":1199},"position":{"x":1968,"y":987},"worldPosition":null,"leftButton":false,"middleButton":false,"rightButton":false,"forwardButton":false,"backButton":false,"scroll":{"x":0,"y":0},"clickedObjectNormalizedPaths":[]},
{"apiVersion":1,"startTime":25.0284274,"screenSize":{"x":2132,"y":1199},"position":{"x":1972,"y":987},"worldPosition":null,"leftButton":false,"middleButton":false,"rightButton":false,"forwardButton":false,"backButton":false,"scroll":{"x":0,"y":0},"clickedObjectNormalizedPaths":[]},
{"apiVersion":1,"startTime":25.0368017,"screenSize":{"x":2132,"y":1199},"position":{"x":1974,"y":987},"worldPosition":null,"leftButton":false,"middleButton":false,"rightButton":false,"forwardButton":false,"backButton":false,"scroll":{"x":0,"y":0},"clickedObjectNormalizedPaths":[]},
{"apiVersion":1,"startTime":25.0448584,"screenSize":{"x":2132,"y":1199},"position":{"x":1976,"y":987},"worldPosition":null,"leftButton":false,"middleButton":false,"rightButton":false,"forwardButton":false,"backButton":false,"scroll":{"x":0,"y":0},"clickedObjectNormalizedPaths":[]},
{"apiVersion":1,"startTime":25.0614540,"screenSize":{"x":2132,"y":1199},"position":{"x":1980,"y":987},"worldPosition":null,"leftButton":false,"middleButton":false,"rightButton":false,"forwardButton":false,"backButton":false,"scroll":{"x":0,"y":0},"clickedObjectNormalizedPaths":[]},
{"apiVersion":1,"startTime":25.0779606,"screenSize":{"x":2132,"y":1199},"position":{"x":1985,"y":987},"worldPosition":null,"leftButton":false,"middleButton":false,"rightButton":false,"forwardButton":false,"backButton":false,"scroll":{"x":0,"y":0},"clickedObjectNormalizedPaths":[]},
{"apiVersion":1,"startTime":25.0868305,"screenSize":{"x":2132,"y":1199},"position":{"x":1987,"y":987},"worldPosition":null,"leftButton":false,"middleButton":false,"rightButton":false,"forwardButton":false,"backButton":false,"scroll":{"x":0,"y":0},"clickedObjectNormalizedPaths":[]},
{"apiVersion":1,"startTime":25.0945844,"screenSize":{"x":2132,"y":1199},"position":{"x":1989,"y":986},"worldPosition":null,"leftButton":false,"middleButton":false,"rightButton":false,"forwardButton":false,"backButton":false,"scroll":{"x":0,"y":0},"clickedObjectNormalizedPaths":[]},
{"apiVersion":1,"startTime":25.1031351,"screenSize":{"x":2132,"y":1199},"position":{"x":1991,"y":985},"worldPosition":null,"leftButton":false,"middleButton":false,"rightButton":false,"forwardButton":false,"backButton":false,"scroll":{"x":0,"y":0},"clickedObjectNormalizedPaths":[]},
{"apiVersion":1,"startTime":25.1111842,"screenSize":{"x":2132,"y":1199},"position":{"x":1994,"y":985},"worldPosition":null,"leftButton":false,"middleButton":false,"rightButton":false,"forwardButton":false,"backButton":false,"scroll":{"x":0,"y":0},"clickedObjectNormalizedPaths":[]},
{"apiVersion":1,"startTime":25.1197043,"screenSize":{"x":2132,"y":1199},"position":{"x":1996,"y":984},"worldPosition":null,"leftButton":false,"middleButton":false,"rightButton":false,"forwardButton":false,"backButton":false,"scroll":{"x":0,"y":0},"clickedObjectNormalizedPaths":[]},
{"apiVersion":1,"startTime":25.1277617,"screenSize":{"x":2132,"y":1199},"position":{"x":1998,"y":983},"worldPosition":null,"leftButton":false,"middleButton":false,"rightButton":false,"forwardButton":false,"backButton":false,"scroll":{"x":0,"y":0},"clickedObjectNormalizedPaths":[]},
{"apiVersion":1,"startTime":25.1367322,"screenSize":{"x":2132,"y":1199},"position":{"x":2000,"y":983},"worldPosition":null,"leftButton":false,"middleButton":false,"rightButton":false,"forwardButton":false,"backButton":false,"scroll":{"x":0,"y":0},"clickedObjectNormalizedPaths":[]},
{"apiVersion":1,"startTime":25.1444454,"screenSize":{"x":2132,"y":1199},"position":{"x":2002,"y":982},"worldPosition":null,"leftButton":false,"middleButton":false,"rightButton":false,"forwardButton":false,"backButton":false,"scroll":{"x":0,"y":0},"clickedObjectNormalizedPaths":[]},
{"apiVersion":1,"startTime":25.1530153,"screenSize":{"x":2132,"y":1199},"position":{"x":2003,"y":981},"worldPosition":null,"leftButton":false,"middleButton":false,"rightButton":false,"forwardButton":false,"backButton":false,"scroll":{"x":0,"y":0},"clickedObjectNormalizedPaths":[]},
{"apiVersion":1,"startTime":25.1612871,"screenSize":{"x":2132,"y":1199},"position":{"x":2005,"y":981},"worldPosition":null,"leftButton":false,"middleButton":false,"rightButton":false,"forwardButton":false,"backButton":false,"scroll":{"x":0,"y":0},"clickedObjectNormalizedPaths":[]},
{"apiVersion":1,"startTime":25.1698585,"screenSize":{"x":2132,"y":1199},"position":{"x":2007,"y":980},"worldPosition":null,"leftButton":false,"middleButton":false,"rightButton":false,"forwardButton":false,"backButton":false,"scroll":{"x":0,"y":0},"clickedObjectNormalizedPaths":[]},
{"apiVersion":1,"startTime":25.1782631,"screenSize":{"x":2132,"y":1199},"position":{"x":2008,"y":979},"worldPosition":null,"leftButton":false,"middleButton":false,"rightButton":false,"forwardButton":false,"backButton":false,"scroll":{"x":0,"y":0},"clickedObjectNormalizedPaths":[]},
{"apiVersion":1,"startTime":25.1948053,"screenSize":{"x":2132,"y":1199},"position":{"x":2010,"y":979},"worldPosition":null,"leftButton":false,"middleButton":false,"rightButton":false,"forwardButton":false,"backButton":false,"scroll":{"x":0,"y":0},"clickedObjectNormalizedPaths":[]},
{"apiVersion":1,"startTime":25.2028632,"screenSize":{"x":2132,"y":1199},"position":{"x":2010,"y":978},"worldPosition":null,"leftButton":false,"middleButton":false,"rightButton":false,"forwardButton":false,"backButton":false,"scroll":{"x":0,"y":0},"clickedObjectNormalizedPaths":[]},
{"apiVersion":1,"startTime":25.2116378,"screenSize":{"x":2132,"y":1199},"position":{"x":2011,"y":978},"worldPosition":null,"leftButton":false,"middleButton":false,"rightButton":false,"forwardButton":false,"backButton":false,"scroll":{"x":0,"y":0},"clickedObjectNormalizedPaths":[]},
{"apiVersion":1,"startTime":25.2273555,"screenSize":{"x":2132,"y":1199},"position":{"x":2012,"y":978},"worldPosition":null,"leftButton":false,"middleButton":false,"rightButton":false,"forwardButton":false,"backButton":false,"scroll":{"x":0,"y":0},"clickedObjectNormalizedPaths":[]},
{"apiVersion":1,"startTime":25.2445972,"screenSize":{"x":2132,"y":1199},"position":{"x":2013,"y":978},"worldPosition":null,"leftButton":false,"middleButton":false,"rightButton":false,"forwardButton":false,"backButton":false,"scroll":{"x":0,"y":0},"clickedObjectNormalizedPaths":[]},
{"apiVersion":1,"startTime":25.3601124,"screenSize":{"x":2132,"y":1199},"position":{"x":2013,"y":978},"worldPosition":null,"leftButton":true,"middleButton":false,"rightButton":false,"forwardButton":false,"backButton":false,"scroll":{"x":0,"y":0},"clickedObjectNormalizedPaths":["SettingsPanelCanvas/Settings Button"]},
{"apiVersion":1,"startTime":25.4614808,"screenSize":{"x":2132,"y":1199},"position":{"x":2013,"y":978},"worldPosition":null,"leftButton":false,"middleButton":false,"rightButton":false,"forwardButton":false,"backButton":false,"scroll":{"x":0,"y":0},"clickedObjectNormalizedPaths":["SettingsPanelCanvas/Settings Button"]}
]
}
}}}